parcela,arv,comum,cientifico,familia,dap.2013,Hcom.2013,Htot.2013,UTM_Easting,UTM_Northing
T01,1,ENVIRA BIRIBA,NI,NI,11.1,9.44,12.36,220532.4959,9634021.826
T01,2,ENVIRA PRETA,Bocageopsis pleiosperma,Annonaceae,12.6,14.5,19.89,220517.7534,9634013.352
T01,3,ANDORINHA,Casearia grandiflora,Salicaceae,12,8.46,12.8,220493.8442,9634000.801
T01,4,ENVIRA PRETA,Bocageopsis pleiosperma,Annonaceae,13.6,7.66,10.34,220487.1511,9633996.364
T01,5,CUMARU,Dipteryx odorata,Fabaceae,15.2,14.71,16.8,220483.7652,9633994.636
T01,6,ENVIRA PRETA,Bocageopsis pleiosperma,Annonaceae,11,12.44,18.51,220475.6357,9633990.328
T01,7,ENVIRA BIRIBA,NI,NI,11.5,6.59,10.05,220450.8002,9633977.387
T01,8,ENVIRA BIRIBA,NI,NI,13.8,10.97,16.67,220441.424,9633971.604
T01,9,MURTA,Strychnos subcordata,Loganiaceae,10.6,6.61,10.04,220424.5177,9633962.294
T01,10,MORTA,NA,NA,14.8,NA,4.01,220412.2194,9633955.604
T01,11,ANDORINHA,Casearia grandiflora,Salicaceae,12.7,10.24,13.69,220410.7261,9633954.792
T01,12,MORTA,NA,NA,13,NA,8.75,220398.6513,9633948.11
T01,13,MURTA,Strychnos subcordata,Loganiaceae,10.5,7.87,12.01,220396.6709,9633947.147
T01,14,ANDORINHA,Casearia grandiflora,Salicaceae,19.6,6.68,17.4,220373.0006,9633934.157
T01,15,ENVIRA PRETA,Bocageopsis pleiosperma,Annonaceae,16.1,9.54,15.52,220369.8782,9633932.572
T01,16,BURRA LEITEIRA,Sapium marmieri,Euphorbiaceae,11.8,9.31,15.22,220365.8082,9633931.058
T01,17,ANDORINHA,Casearia grandiflora,Salicaceae,18.7,13.53,19.38,220361.4564,9633927.565
T01,18,ANDORINHA,Casearia grandiflora,Salicaceae,10.8,9.97,14.28,220361.3694,9633927.516
T01,19,INGA VERMELHO,Inga alba,Fabaceae,22.2,8.47,14.64,220354.7517,9633924.81
T01,20,INGA VERMELHO,Inga alba,Fabaceae,41.6,18.44,45.47,220326.5948,9633915.789
T01,21,NI,NI,NI,11.9,3.69,10.42,220329.0218,9633909.35
T01,22,MORTA,NA,NA,23,NA,2.61,220310.952,9633899.253
T01,23,PAU SANTO,Zollernia paraensis,Fabaceae,30.1,17.25,22.52,220303.3866,9633895.782
T01,24,MORTA,NA,NA,19.7,NA,6.64,220297.4677,9633891.403
T01,25,ANGELIM RAJADO,Zygia racemosa,Fabaceae,11.1,10.23,13.09,220293.6272,9633889.463
T01,26,PAU DE REMO,Chimarrhis turbinata,Rubiaceae,45.6,15.88,19.75,220289.9672,9633890.495
T01,27,MORTA,NA,NA,36.3,NA,15.13,220321.5236,9633906.376
T01,28,ENVIRA CUNAUARU,Annona ambotay,Annonaceae,10.4,4.51,10.64,220276.7092,9633880.305
T01,29,JATEREU,Lecythis idatimon,Lecythidaceae,38,19.89,25.49,220255.2919,9633877.853
T01,30,TAXI BRANCO,Tachigali paniculata,Fabaceae,11.9,9.3,16.6,220242.1017,9633862.324
T01,31,ABIURANA,Pouteria gongrijpii,Sapotaceae,14.1,9.46,13.58,220241.1667,9633861.951
T01,32,MURTA,Strychnos subcordata,Loganiaceae,35.1,20.79,27.96,220236.6866,9633870.215
T01,33,NI,NI,NI,20,2.28,14.58,220240.327,9633861.402
T01,34,MAMUI,Jacaratia spinosa,Caricaceae,47.4,11.63,21.28,220213.7535,9633847.482
T01,35,ENVIRA PRETA,Bocageopsis pleiosperma,Annonaceae,16.7,10.84,17.27,220208.3816,9633844.804
T01,36,EMBAUBA,Cecropia ficifolia,Urticaceae,12.2,10.83,13.49,220203.0573,9633842.038
T01,37,FAVA BOLOTA,Parkia pendula,Fabaceae,35.9,12.5,23.77,220196.4692,9633843.91
T01,38,ENVIRA CUNAUARU,Annona ambotay,Annonaceae,18.2,8.94,17.73,220193.2962,9633836.966
T01,39,ARATACIU,Sagotia racemosa,Euphorbiaceae,12.5,6.54,16.73,220188.511,9633834.255
T01,40,ABIURANA,Pouteria gongrijpii,Sapotaceae,10.1,7.98,14.75,220179.652,9633830.666
T01,41,INGA,Inga marginata,Fabaceae,10.2,3.75,7.74,220168.4711,9633824.856
T01,42,FREIJO BRANCO,Cordia scabrifolia,Boraginaceae,19.2,4.46,15.19,220157.8013,9633818.524
T01,43,ENVIRA CUNAUARU,Annona ambotay,Annonaceae,12,6.41,10.82,220127.3924,9633803.288
T01,44,TAXIRANA,Stryphnodendron paniculatum,Fabaceae,14,6.08,9.54,220116.8392,9633797.579
T01,45,MORTA,NA,NA,36,NA,5.53,220144.5466,9633812.764
T01,46,MATAMATA PRETO,Eschweilera ovata,Lecythidaceae,55.6,28.45,37.44,220140.4101,9633817.037
T01,47,MATAMATA PRETO,Eschweilera ovata,Lecythidaceae,83.1,23.41,32.53,220141.495,9633810.84
T01,48,FREIJO BRANCO,Cordia scabrifolia,Boraginaceae,14.1,6.78,10.81,220120.1981,9633799.775
T01,49,MORTA,NA,NA,42,NA,4.49,220107.8997,9633795.188
T01,50,TAMANQUEIRA,Zanthoxylum rhoifolium,Rutaceae,10.7,8.82,14.41,220150.4346,9633813.232
T01,51,MAMUI,Jacaratia spinosa,Caricaceae,39.7,12.47,18.58,220144.7654,9633806.906
T01,52,LIANA,NA,NA,10.3,NA,NA,220119.0429,9633797.71
T01,53,INGA CHICHICA,Inga heterophylla,Fabaceae,15,8.79,18.08,220118.1556,9633797.249
T01,54,JATEREU,Lecythis idatimon,Lecythidaceae,36.9,20.82,27.47,220119.5741,9633790.437
T01,55,INGA VERMELHO,Inga alba,Fabaceae,34,10.11,17.67,220185.0421,9633831.213
T01,56,NI,NI,NI,11.8,9.41,11.91,220180.3669,9633829.347
T01,57,ANDORINHA,Casearia grandiflora,Salicaceae,10.3,6.87,12.36,220173.3156,9633825.571
T01,58,ANDORINHA,Casearia grandiflora,Salicaceae,10.8,6.87,12.36,220174.203,9633826.032
T01,59,MORTA,NA,NA,51.5,NA,4.52,220229.8033,9633857.737
T01,60,MURICI,Byrsonima chrysophylla,Malpighiaceae,13.7,9.05,12.4,220240.0592,9633859.798
T01,61,MORTA,NA,NA,41.2,NA,10.7,220245.7284,9633866.124
T01,62,INGA,Inga marginata,Fabaceae,14.1,8.6,16.07,220230.8518,9633855.803
T01,63,MORTA,NA,NA,35.6,NA,4.02,220258.0857,9633874.798
T01,64,MATAMATA PRETO,Eschweilera ovata,Lecythidaceae,66.7,22.98,35.36,220211.3183,9633841.485
T01,65,INHARE,Helicostylis sp.,Moraceae,11.4,8.96,11.73,220204.183,9633842.059
T01,66,MORTA,NA,NA,47.5,NA,33.76,220281.2414,9633882.435
T01,67,MULUNGU,NI,NI,19.7,13.41,20.71,220277.8826,9633880.239
T01,68,JUTAI,Hymenaea parviflora,Fabaceae,39.8,14.75,21.11,220276.0965,9633875.142
T01,69,MUIRATINGA,Brosimum rubescens ,Moraceae,40.6,14.98,22.54,220262.441,9633864.667
T01,70,FREIJO CINZA,Cordia goeldiana,Boraginaceae,35.1,18.39,27.57,220250.7735,9633863.111
T01,71,ENVIRA CUNAUARU,Annona ambotay,Annonaceae,33.3,18.72,22.1,220322.348,9633904.89
T01,72,FIGADO DE PREGUISA,NI,NI,36.3,15.83,19.26,220324.5787,9633900.867
T01,73,MURTA,Strychnos subcordata,Loganiaceae,13,9.91,14.69,220321.3319,9633904.66
T01,74,MURTA,Strychnos subcordata,Loganiaceae,10.9,7.96,13.45,220361.3793,9633927.292
T01,75,MORTA,NA,NA,11.5,NA,9.88,220397.5016,9633947.712
T01,76,ENVIRA PRETA,Bocageopsis pleiosperma,Annonaceae,15.8,11.25,13.74,220434.7309,9633967.166
T01,77,ENVIRA BIRIBA,NI,NI,17.5,10.43,15.21,220468.4464,9633984.709
T02,1,MORTA,NA,NA,38.6,NA,10.66,220633.6463,9633842.234
T02,2,MORTA,NA,NA,21.8,NA,16.16,220611.8547,9633832.153
T02,3,INGA,Inga marginata,Fabaceae,11.8,7.64,9.71,220607.7367,9633829.207
T02,4,FAVA FOLHA FINA,Parkia sp.,Fabaceae,41.8,15.38,20.91,220602.2828,9633830.734
T02,5,MAMUI,Jacaratia spinosa,Caricaceae,55,15.53,20.86,220593.1513,9633823.947
T02,6,PARICARANA,Dimorphandra macrostachya,Fabaceae,42.9,15.27,27.17,220568.6789,9633815.659
T02,7,BURRA LEITEIRA,Sapium marmieri,Euphorbiaceae,16.3,11.62,16.35,220548.8489,9633800.746
T02,8,MATAMATA,Eschweilera parviflora,Lecythidaceae,52.3,19.41,32.81,220546.7919,9633800.838
T02,9,JATEREU,Lecythis idatimon,Lecythidaceae,26.9,17.2,23.11,220531.4853,9633791.197
T02,10,ANGELIM RAJADO,Zygia racemosa,Fabaceae,38.2,17.48,27.43,220479.5825,9633769.57
T02,11,TIMBORANA,Pseudopiptadenia suaveolens,Fabaceae,43.9,17.26,27.41,220476.6294,9633768.321
T02,12,CAPUEIRO,Rinorea guianensis,Violaceae,20.3,15.47,20.35,220474.4308,9633762.644
T02,13,GEMA DE OVO,Poecilanthe effusa,Fabaceae,11.7,7.34,7.67,220466.3315,9633758.719
T02,14,CAPUEIRO,Rinorea guianensis,Violaceae,12,5.65,9.68,220465.3024,9633758.317
T02,15,MORTA,NA,NA,30.5,NA,4.85,220435.2346,9633741.258
T02,16,ANGELIM AMARELO,Hymenolobium sp.,Fabaceae,51.1,20.23,29.35,220430.5797,9633739.531
T02,17,MATAMATA,Eschweilera parviflora,Lecythidaceae,51.1,31.27,36.91,220411.1945,9633728.508
T02,18,PARICARANA,Dimorphandra macrostachya,Fabaceae,36.6,9.97,19.9,220413.3353,9633732.026
T02,19,MATAMATA,Eschweilera parviflora,Lecythidaceae,42.1,13.5,25.42,220376.0675,9633709.695
T02,20,PARAPARA,Jacaranda copaia,Bignoniaceae,11.3,7.67,9.41,220357.1733,9633698.197
T02,21,INGA,Inga marginata,Fabaceae,12.8,9.35,10.75,220301.4591,9633667.74
T02,22,BARROTE,Tetragastris altissima,Burseraceae,49.7,15.44,24.02,220298.7887,9633670.506
T02,23,MORTA,NA,NA,15.6,NA,4.02,220299.5688,9633666.612
T02,24,EMBAUBA,Cecropia ficifolia,Urticaceae,29,17.23,23.73,220281.7343,9633657.952
T02,25,INGA,Inga marginata,Fabaceae,12,9.42,12.67,220271.4984,9633651.666
T02,26,PARAPARA,Jacaranda copaia,Bignoniaceae,20.4,12.12,15.47,220268.022,9633649.688
T02,27,ENVIRA PRETA,Bocageopsis pleiosperma,Annonaceae,36.3,8.16,10.1,220258.0495,9633647.061
T02,28,POROROCA,Dialium guianense,Fabaceae,11,7.66,10.85,220253.8745,9633642.211
T02,29,CARAMUXI,Pouteria hispida,Sapotaceae,43.8,13.38,23.15,220250.3229,9633644.505
T02,30,FREIJO BRANCO,Cordia scabrifolia,Boraginaceae,13.7,8.6,12.46,220236.8416,9633633.754
T02,31,IPE,Tabebuia serratifolia,Bignoniaceae,14.7,5.82,10.92,220217.8647,9633623.233
T02,32,INHARE,Helicostylis sp.,Moraceae,18.9,11.76,15.48,220203.6463,9633615.265
T02,33,MORTA,NA,NA,45,NA,15.27,220220.0505,9633624.86
T02,34,ROXINHO,Peltogyne leicointei,Fabaceae,38,16.76,27.24,220227.0935,9633621.83
T02,35,MORTA,NA,NA,49.6,17.2,26.69,220217.6349,9633631.507
T02,36,MAMUI,Jacaratia spinosa,Caricaceae,42.5,15.24,20.89,220286.7957,9633654.994
T02,37,JARANA,Lecythis lurida,Lecythidaceae,100.2,29.78,35.39,220271.3769,9633648.991
T02,38,ENVIRA PRETA,Bocageopsis pleiosperma,Annonaceae,10.9,9.14,12.08,220292.9233,9633661.685
T02,39,LOURO ABACATE,Ocotea glomerata,Lauraceae,41,17.1,23.24,220327.1523,9633674.375
T02,40,INGA,Inga marginata,Fabaceae,28.3,6.57,17.04,220335.4905,9633685.543
T02,41,EMBAUBA,Cecropia ficifolia,Urticaceae,11.2,6.1,10.27,220343.8221,9633689.9
T02,42,GEMA DE OVO,Poecilanthe effusa,Fabaceae,10.5,9.45,12.71,220410.7923,9633725.979
T02,43,TAMANQUEIRA,Zanthoxylum rhoifolium,Rutaceae,20.1,8.86,15.31,220380.541,9633708.777
T02,44,EMBAUBA,Cecropia ficifolia,Urticaceae,14.7,11.26,14.18,220452.346,9633750.413
T02,45,EMBAUBA,Cecropia ficifolia,Urticaceae,18.7,18.12,21.97,220433.4449,9633739.55
T02,46,INGA,Inga marginata,Fabaceae,20.3,9.49,14.76,220432.4512,9633738.87
T02,47,IPERANA,Eperua bijuga,Fabaceae,46.2,14.78,20.31,220497.2901,9633768.341
T02,48,IPERANA,Eperua bijuga,Fabaceae,12.4,8.1,13.73,220467.9413,9633758.627
T02,49,SERINGARANA,Hevea sp.,Euphorbiaceae,50.9,24.04,27.62,220507.676,9633776.87
T02,50,CASCA SECA,Licania canescens,Chrysobalanaceae,41.3,12.7,19.49,220547.9482,9633795.827
T02,51,JATEREU,Lecythis idatimon,Lecythidaceae,48.6,20.1,27.15,220564.319,9633798.401
T02,52,BURRA LEITEIRA,Sapium marmieri,Euphorbiaceae,12.5,5.61,9.85,220591.9395,9633820.55
T02,53,INGA,Inga marginata,Fabaceae,11.9,13.54,17.61,220586.2569,9633818.052
T02,54,ABIURANA BRANCA,Pouteria guianensis,Sapotaceae,17.1,8.44,14.81,220582.9006,9633816.267
T02,55,PINTADINHO,Poeppigia sp.,Fabaceae,30.6,11.8,22.1,220581.4229,9633814.749
T02,56,MACUCU,Licania heteromorpha,Chrysobalanaceae,15.5,12.03,16.86,220576.6804,9633813.055
T02,57,PIQUIA,Caryocar villosum,Caryocaraceae,58.8,17.8,28.98,220563.9639,9633800.459
T02,58,ENVIRA PRETA,Bocageopsis pleiosperma,Annonaceae,11.6,7.53,10.05,220604.0657,9633826.036
T02,59,MORTA,NA,NA,12,NA,3.18,220597.5352,9633825.015
T03,1,LACRE BRANCO,Vismia guianensis,Clusiaceae,11.2,10.47,14.37,220712.5324,9633689.543
T03,2,MORTA,NA,NA,13.7,NA,4.11,220701.8291,9633683.899
T03,3,INHARE,Helicostylis sp.,Moraceae,38.3,14.69,29.08,220683.6714,9633675.456
T03,4,IPERANA,Eperua bijuga,Fabaceae,40.9,19.95,28.29,220670.9355,9633672.81
T03,5,CACAU,Theobroma glaucum,Malvaceae,16.6,12.75,16.1,220671.9499,9633667.24
T03,6,ARATACIU,Sagotia racemosa,Euphorbiaceae,12.7,4.81,5.81,220659.2539,9633660.659
T03,7,MORTA,NA,NA,26.5,NA,4.58,220644.2629,9633652.642
T03,8,PARICARANA,Dimorphandra macrostachya,Fabaceae,44.3,11.03,22.01,220615.3039,9633638.955
T03,9,BURRA LEITEIRA,Sapium marmieri,Euphorbiaceae,13.2,6.19,9.46,220585.0242,9633622.198
T03,10,MORTA,NA,NA,32.7,NA,3.45,220582.8546,9633621.167
T03,11,PAU DE REMO,Chimarrhis turbinata,Rubiaceae,70.6,22.03,29.36,220567.0891,9633622.124
T03,12,EMBAUBA,Cecropia ficifolia,Urticaceae,13,11.06,13.54,220569.7356,9633613.458
T03,13,LACRE BRANCO,Vismia guianensis,Clusiaceae,10.1,6.59,10.09,220565.2099,9633611.75
T03,14,TATAJUBA,Bagassa guianensis,Moraceae,11.8,7.14,14.16,220555.5262,9633606.531
T03,15,MATAMATA,Eschweilera parviflora,Lecythidaceae,60.8,20.68,27.91,220547.3757,9633606.982
T03,16,INGA,Inga marginata,Fabaceae,14.4,13.94,18.22,220540.2304,9633597.194
T03,17,TAXI PRETO,Tachigali myrmecophila,Fabaceae,36.1,15.03,24.58,220511.2047,9633585.256
T03,18,CAPUEIRO,Rinorea guianensis,Violaceae,18.4,12.43,19,220498.4758,9633572.704
T03,19,MORTA,NA,NA,13.6,NA,4.53,220495.1448,9633570.676
T03,20,MACUCU,Licania heteromorpha,Chrysobalanaceae,20.3,10.03,11.67,220471.219,9633555.169
T03,21,MORTA,NA,NA,18.6,NA,2.82,220467.8026,9633553.089
T03,22,LACRE BRANCO,Vismia guianensis,Clusiaceae,15.4,13.09,16.04,220466.8444,9633552.74
T03,23,BURRA LEITEIRA,Sapium marmieri,Euphorbiaceae,19.4,9.33,14.11,220462.3139,9633550.566
T03,24,EMBAUBA,Cecropia ficifolia,Urticaceae,11.3,8.68,12.03,220453.9322,9633545.772
T03,25,ABIURANA,Pouteria gongrijpii,Sapotaceae,10.1,5.92,9.99,220432.7934,9633534.391
T03,26,TAXI PRETO,Tachigali myrmecophila,Fabaceae,41.7,15.4,24.94,220430.0391,9633535.15
T03,27,PARAPARA,Jacaranda copaia,Bignoniaceae,39.7,14.8,22.72,220420.5298,9633535.592
T03,28,MOROTOTO,Schefflera morototoni,Araliaceae,36.8,18.77,26.59,220420.1353,9633528.514
T03,29,PENTE DE MACACO,Apeiba echinata,Malvaceae,14.6,6.69,12.92,220416.4293,9633524.743
T03,30,PARAPARA,Jacaranda copaia,Bignoniaceae,30,13.35,19.79,220404.8095,9633518.87
T03,31,ANDORINHA,Casearia grandiflora,Salicaceae,12.2,7.68,9.14,220408.4583,9633520.551
T03,32,MUIRATINGA,Brosimum rubescens ,Moraceae,13.5,7.75,12.79,220399.8139,9633515.528
T03,33,EMBAUBA,Cecropia ficifolia,Urticaceae,19.1,13.35,18.9,220373.6774,9633501.603
T03,34,ENVIRA PRETA,Bocageopsis pleiosperma,Annonaceae,37.6,11.95,19.1,220364.9337,9633505.9
T03,35,MORTA,NA,NA,24.5,NA,9.86,220360.5599,9633494.328
T03,36,INGA,Inga marginata,Fabaceae,13.5,8.94,10.33,220358.6009,9633492.327
T03,37,SANGRA D`AGUA,NI,NI,33.1,13.32,22.58,220345.5447,9633485.542
T03,38,SANGRA D`AGUA,NI,NI,18.6,13.32,21.13,220351.7165,9633488.851
T03,39,GUAJARA PEDRA,NI,NI,47,18.49,29.78,220331.7235,9633479.477
T03,40,INGA,Inga marginata,Fabaceae,14.7,6.35,13.82,220327.8537,9633476.188
T03,41,PENTE DE MACACO,Apeiba echinata,Malvaceae,13.9,9.75,12.64,220289.7146,9633454.463
T03,42,SANGRA D`AGUA,NI,NI,20,12,17.72,220288.7024,9633454.016
T03,43,CUTITIRIBA,Pouteria sp.,Sapotaceae,16.5,12.46,18.33,220325.0092,9633473.124
T03,44,PENTE DE MACACO,Apeiba echinata,Malvaceae,16,7.46,18.52,220324.4604,9633472.476
T03,45,MORTA,NA,NA,35.3,NA,2.55,220294.8638,9633461.32
T03,46,MORTA,NA,NA,48.2,NA,25.25,220302.2316,9633466.55
T03,47,SANGRA D`AGUA,NI,NI,11,10.93,15.53,220360.1399,9633492.266
T03,48,SANGRA D`AGUA,NI,NI,18.6,10.64,18.67,220353.9681,9633488.957
T03,49,ABIURANA,Pouteria gongrijpii,Sapotaceae,39.8,12.74,19.94,220339.3737,9633472.288
T03,50,JATEREU,Lecythis idatimon,Lecythidaceae,38,15.17,24.2,220411.5645,9633519.187
T03,51,JATEREU,Lecythis idatimon,Lecythidaceae,41.7,13.25,20.29,220411.3621,9633510.386
T03,52,CUMARU,Dipteryx odorata,Fabaceae,62.1,17.76,23.51,220392.9591,9633505.438
T03,53,MORTA,NA,NA,53.2,NA,10.18,220410.628,9633528.157
T03,54,JATEREU,Lecythis idatimon,Lecythidaceae,14,6.96,10.05,220452.6356,9633544.024
T03,55,JATEREU,Lecythis idatimon,Lecythidaceae,59.9,12.53,22.11,220444.0518,9633534.919
T03,56,INGA VERMELHO,Inga alba,Fabaceae,48,12.64,23.55,220440.3128,9633529.415
T03,57,INGA,Inga marginata,Fabaceae,11,1.71,8.5,220426.4509,9633529.387
T03,58,BURRA LEITEIRA,Sapium marmieri,Euphorbiaceae,10.7,10.53,12.28,220496.508,9633569.398
T03,59,MATAMATA PRETO,Eschweilera ovata,Lecythidaceae,23.8,9.87,12.34,220493.7377,9633568.18
T03,60,POROROCA,Dialium guianense,Fabaceae,39,9.93,15.17,220546.6563,9633592.794
T03,61,EMBAUBA,Cecropia ficifolia,Urticaceae,17.7,9.87,12.48,220536.7472,9633594.839
T03,62,PARICARANA,Dimorphandra macrostachya,Fabaceae,18.5,8.7,11.3,220535.8487,9633593.238
T03,63,INGA,Inga marginata,Fabaceae,10.8,5.33,6.48,220519.2047,9633584.039
T03,64,MATAMATA PRETO,Eschweilera ovata,Lecythidaceae,51,22.06,29.49,220517.7046,9633582.657
T03,65,MATAMATA PRETO,Eschweilera ovata,Lecythidaceae,47.3,15.34,23.8,220514.126,9633573.922
T03,66,CARAMUXI,Pouteria hispida,Sapotaceae,40,19.29,26.59,220511.452,9633573.698
T03,67,CAPUEIRO,Rinorea guianensis,Violaceae,16.8,11.24,15.85,220508.6139,9633577.59
T03,68,INGA,Inga marginata,Fabaceae,47.8,15.96,22.85,220570.5697,9633605.872
T03,69,TIMBORANA,Pseudopiptadenia suaveolens,Fabaceae,39.5,11.02,17.41,220563.7701,9633605.904
T03,70,INGA CHICHICA,Inga heterophylla,Fabaceae,10.4,8.1,10.13,220561.6956,9633608.767
T03,71,CORA?O DE NEGRO,Swartzia corrugata,Fabaceae,35.9,18.84,23.08,220557.2372,9633603.929
T03,72,MORTA,NA,NA,15.5,NA,8.57,220584.0656,9633621.014
T03,73,GUAJARA FERRO,NI,NI,27.7,10,16.1,220635.0922,9633646.45
T03,74,EMBAUBA,Cecropia ficifolia,Urticaceae,40.5,15.83,25.7,220600.1143,9633621.45
T03,75,INHARE,Helicostylis sp.,Moraceae,43.9,17.21,23.26,220662.1874,9633661.528
T03,76,BARROTE,Tetragastris altissima,Burseraceae,38.9,16.44,24.98,220664.8936,9633654.25
T03,77,CUTITIRIBA,Pouteria sp.,Sapotaceae,44.3,21.4,29.08,220659.8996,9633649.355
T03,78,JATEREU,Lecythis idatimon,Lecythidaceae,16.4,9.83,12.61,220650.5256,9633654.7
T03,79,MACUCU,Licania heteromorpha,Chrysobalanaceae,44.5,18.55,25.26,220638.7026,9633644.962
T03,80,BARROTE,Tetragastris altissima,Burseraceae,41,17.63,26.07,220636.4417,9633648.179
T03,81,MORTA,NA,NA,27.3,NA,0.8,220688.1649,9633676.581
T03,82,MATAMATA,Eschweilera parviflora,Lecythidaceae,43.6,16.1,25.82,220691.3826,9633670.478
T03,83,MORTA,NA,NA,24,NA,12.6,220721.7319,9633694.393
T04,1,TATAPIRIRICA,Tapirira guianensis,Anacardiaceae,41.2,15.5,27.14,220822.9324,9633486.617
T04,2,EMBAUBA,Cecropia ficifolia,Urticaceae,24.4,13.23,26.84,220820.2306,9633485.313
T04,3,ENVIRA PRETA,Bocageopsis pleiosperma,Annonaceae,10,10.36,12.85,220813.0257,9633481.836
T04,4,CANELA DE ANTA,NI,NI,15.8,7.93,10.8,220810.3239,9633480.532
T04,5,EMBAUBA,Cecropia ficifolia,Urticaceae,29.3,17.76,25.76,220810.3673,9633480.442
T04,6,ENVIRA PRETA,Bocageopsis pleiosperma,Annonaceae,19.1,4.69,8.67,220804.1065,9633477.309
T04,7,IPERANA,Eperua bijuga,Fabaceae,41.6,11.49,29.91,220791.5059,9633478.112
T04,8,TATAPIRIRICA,Tapirira guianensis,Anacardiaceae,40.4,16.62,35.28,220745.4445,9633456.217
T04,9,PARAPARA,Jacaranda copaia,Bignoniaceae,54.7,19.88,32.81,220774.8604,9633471.19
T04,10,ENVIRA CANA,Xylopia nitida,Annonaceae,46.7,18.05,24.53,220769.0223,9633469.483
T04,11,INGA,Inga marginata,Fabaceae,12.6,13.86,18.99,220762.9392,9633456.776
T04,12,UXIRANA,Sacoglottis guianensis,Humiriaceae,13.6,5.75,9.93,220756.548,9633453.914
T04,13,CUPIUBA,Goupia glabra,Goupiaceae,20.3,13.53,19.85,220752.1445,9633452.455
T04,14,UXIRANA,Sacoglottis guianensis,Humiriaceae,12,13.29,17.26,220751.1878,9633451.216
T04,15,FAVA ARARA,Parkia multijuga,Fabaceae,53,13.4,24.68,220746.0093,9633455.046
T04,16,CUPIUBA,Goupia glabra,Goupiaceae,35.4,14.76,28.26,220742.3436,9633448.835
T04,17,FAVA ARARA,Parkia multijuga,Fabaceae,47,24.73,35,220729.7035,9633440.515
T04,18,FAVA ARARA,Parkia multijuga,Fabaceae,62,24.73,35,220728.8029,9633440.08
T04,19,FAVA ARARA,Parkia multijuga,Fabaceae,38.1,22.89,31.15,220707.6978,9633430.894
T04,20,FAVA ARARA,Parkia multijuga,Fabaceae,40.4,22.89,31.15,220707.6978,9633430.894
T04,21,TATAPIRIRICA,Tapirira guianensis,Anacardiaceae,20.6,17.71,23.22,220698.7352,9633426.458
T04,22,INGA,Inga marginata,Fabaceae,18.4,17,24.07,220690.7166,9633422.366
T04,23,UCUUBA,Virola melinoni,Myristicaceae,46.1,14.11,19.82,220688.8719,9633421.587
T04,24,BREU BRANCO,Protium paniculatum,Burseraceae,13.8,7.21,12.31,220688.8285,9633421.677
T04,25,TAMAQUARE,Caraipa grandifolia,Clusiaceae,21.5,17.23,22.48,220668.2013,9633411.5
T04,26,FAVA ARARA,Parkia multijuga,Fabaceae,57.6,13.85,20.51,220660.8226,9633408.383
T04,27,UXIRANA,Sacoglottis guianensis,Humiriaceae,29.6,16.65,26.04,220661.2571,9633407.483
T04,28,ANANI,Symphonia globulifera,Clusiaceae,13.7,13.44,17.75,220659.3256,9633406.884
T04,29,MATA MATA BRANCO,Eschweilera coriacea,Lecythidaceae,22.7,17.38,24.49,220654.5523,9633404.58
T04,30,IPERANA,Eperua bijuga,Fabaceae,39.4,20.04,25.88,220645.9631,9633404.065
T04,31,MORTA,NA,NA,54,NA,12.71,220646.2343,9633399.601
T04,32,JATEREU,Lecythis idatimon,Lecythidaceae,14.3,5.5,11.05,220606.3634,9633376.659
T04,33,MORTA,NA,NA,24.7,NA,4.27,220605.5843,9633376.209
T04,34,CAQUI PRETO,Diospyros guianensis,Ebenaceae,17.7,11.85,18.19,220594.194,9633369.737
T04,35,ABIURANA,Pouteria gongrijpii,Sapotaceae,49,10.2,19.39,220588.4493,9633367.686
T04,36,CARAMUXI,Pouteria hispida,Sapotaceae,43.2,12.84,21.77,220587.4334,9633367.445
T04,37,IPERANA,Eperua bijuga,Fabaceae,37.3,9.63,17.64,220576.3445,9633362.649
T04,38,IPERANA,Eperua bijuga,Fabaceae,49,7.45,23.29,220568.2146,9633363.724
T04,39,ARATACIU,Sagotia racemosa,Euphorbiaceae,25.5,8.26,13.04,220542.7862,9633340.643
T04,40,IPERANA,Eperua bijuga,Fabaceae,44.6,8.95,17.19,220531.8952,9633343.67
T04,41,CUMARU,Dipteryx odorata,Fabaceae,33,13.99,21.07,220532.025,9633335.297
T04,42,PARICARANA,Dimorphandra macrostachya,Fabaceae,35.4,13.8,24.21,220523.5172,9633340.205
T04,43,JARANA,Lecythis lurida,Lecythidaceae,22.7,10.53,14.61,220524.04,9633331.136
T04,44,MORTA,NA,NA,25.7,NA,4.96,220510.8463,9633323.996
T04,45,MUIRATINGA,Brosimum rubescens ,Moraceae,10.9,7.77,10.69,220497.8491,9633316.509
T04,46,MUTUTI,Pterocarpus sp.,Fabaceae,50,17.52,28.58,220479.1444,9633316.495
T04,47,CASCA SECA,Licania canescens,Chrysobalanaceae,21,10.95,15.29,220478.5704,9633305.91
T04,48,INGA,Inga marginata,Fabaceae,37.7,7.89,22.06,220467.261,9633303.572
T04,49,ENVIRA QUIABO,Sterculia pruriens,Malvaceae,12.6,11.95,14.48,220459.4882,9633294.963
T04,50,TAXI PRETO,Tachigali myrmecophila,Fabaceae,16.7,12.74,15.8,220455.1519,9633293.492
T04,51,POROROCA,Dialium guianense,Fabaceae,10.2,5.55,14.7,220455.1067,9633292.554
T04,52,JATEREU,Lecythis idatimon,Lecythidaceae,44.9,21.82,33.65,220433.0026,9633280.858
T04,53,MASSARANDUBA,Manilkara huberi,Sapotaceae,41,18.81,30.53,220419.0642,9633277.075
T04,54,EMBAUBA,Cecropia ficifolia,Urticaceae,20,16.24,22.23,220419.6616,9633273.981
T04,55,ABIURANA,Pouteria gongrijpii,Sapotaceae,42,23.67,34.02,220416.3292,9633277.854
T04,56,JOAO MOLE,Neea oppositifolia,Nyctaginaceae,21.2,11.09,17.66,220416.1603,9633271.029
T04,57,BURRA LEITEIRA,Sapium marmieri,Euphorbiaceae,15.56,10.16,15.34,220398.9741,9633261.809
T04,58,MAMUI,Jacaratia spinosa,Caricaceae,46.4,13.91,21.11,220417.9247,9633268.918
T04,59,GOIABAO,Pradosia praealta,Sapotaceae,60.1,24.64,32.55,220405.7863,9633253.8
T04,60,MATA MATA BRANCO,Eschweilera coriacea,Lecythidaceae,35.3,23.33,34.33,220401.9627,9633258.545
T04,61,MORTA,NA,NA,66.4,20.34,29.29,220443.6656,9633286.378
T04,62,TAXI PRETO,Tachigali myrmecophila,Fabaceae,58,14.41,21.53,220467.5793,9633296.901
T04,63,JATEREU,Lecythis idatimon,Lecythidaceae,37.2,15.93,31.82,220463.0996,9633294.666
T04,64,POROROCA,Dialium guianense,Fabaceae,10.2,8.06,12.6,220462.1875,9633295.876
T04,65,ARATACIU,Sagotia racemosa,Euphorbiaceae,28,6.67,11.67,220455.4014,9633292.031
T04,66,PARICARANA,Dimorphandra macrostachya,Fabaceae,17.6,12.32,19.36,220453.5506,9633291.242
T04,67,MACACAUBA,Platymiscium filipes,Fabaceae,39.3,16.6,25.79,220444.5856,9633283.118
T04,68,TIMBORANA,Pseudopiptadenia suaveolens,Fabaceae,36.1,14.93,21.93,220513.1393,9633324.002
T04,69,PRATUDO,Simaba cedron,Simaroubaceae,14.1,10.77,12.96,220510.8542,9633321.947
T04,70,ABIURANA VERMELHA,NI,NI,51.5,19.29,30.47,220501.5478,9633308.729
T04,71,ABIURANA,Pouteria gongrijpii,Sapotaceae,19.3,8.44,8.8,220567.9083,9633354.112
T04,72,FIGADO DE PREGUISA,NI,NI,47.5,9.6,17.68,220572.0836,9633346.708
T04,73,SUCUUBA,Himatanthus sucuuba,Euphorbiaceae,42.3,24.4,34.59,220569.4429,9633348.337
T04,74,CUTITIRIBA,Pouteria sp.,Sapotaceae,14,10.63,19.12,220566.0122,9633352.385
T04,75,FIGADO DE PREGUISA,NI,NI,40.5,11.61,24.42,220557.7816,9633348.658
T04,76,TAXI BRANCO,Tachigali paniculata,Fabaceae,57.8,12.98,22.73,220546.8318,9633341.612
T04,77,FAVA VERMELHA,Piptadenia cobi,Fabaceae,68,23.59,37.97,220608.9458,9633376.189
T04,78,JATEREU,Lecythis idatimon,Lecythidaceae,43.5,18.44,26.63,220606.6992,9633374.081
T04,79,INGA,Inga marginata,Fabaceae,10.5,7.49,12.63,220598.7226,9633371.894
T04,80,INGA CHICHICA,Inga heterophylla,Fabaceae,16.7,5.68,9.98,220571.9369,9633356.288
T04,81,MURTA,Strychnos subcordata,Loganiaceae,16.3,5.78,10.95,220647.2501,9633399.842
T04,82,EMBAUBA,Cecropia ficifolia,Urticaceae,13.2,9.57,18.03,220640.4749,9633395.577
T04,83,CAJUA?,Anacardium spruceanum,Anacardiaceae,54,18.96,29.1,220612.0904,9633379.74
T04,84,FAVA ARARA,Parkia multijuga,Fabaceae,52.4,22.01,29.38,220689.9818,9633414.683
T04,85,QUARUBA,Vochysia guianensis,Vochysiaceae,11,9.6,14.6,220682.3622,9633416.669
T04,86,LIANA,NA,NA,24.5,NA,NA,220681.2009,9633416.774
T04,87,TATAPIRIRICA,Tapirira guianensis,Anacardiaceae,43.4,13.72,27.35,220680.1067,9633412.138
T04,88,TATAPIRIRICA,Tapirira guianensis,Anacardiaceae,36.2,14.1,24.7,220658.4605,9633399.471
T04,89,TAMAQUARE,Caraipa grandifolia,Clusiaceae,11.9,11.81,15.45,220653.3255,9633403.211
T04,90,TATAPIRIRICA,Tapirira guianensis,Anacardiaceae,39.8,14.73,25.02,220737.4732,9633442.821
T04,91,UCUUBA,Virola melinoni,Myristicaceae,43.3,22.72,31.56,220734.1749,9633440.452
T04,92,NI,NI,NI,16.4,5.83,8.4,220714.3931,9633433.126
T04,93,NI,NI,NI,11.7,4.75,5.83,220696.3809,9633424.433
T04,94,INHARE,Helicostylis sp.,Moraceae,16.2,8.96,20.66,220780.1811,9633464.764
T04,95,AXICHA,NI,NI,14.5,7.28,9.09,220774.8209,9633462.066
T04,96,ANDORINHA,Casearia grandiflora,Salicaceae,16.5,12.54,17.64,220753.2497,9633451.545
T04,97,CUPIUBA,Goupia glabra,Goupiaceae,11.1,10.81,17.49,220822.9008,9633484.381
T04,98,PARICARANA,Dimorphandra macrostachya,Fabaceae,50.7,16.83,27.82,220802.1236,9633469.912
T04,99,A?I,Euterpe oleracea,Arecaceae,11.7,17.62,20.87,220792.9634,9633470.488
T04,100,CUPIUBA,Goupia glabra,Goupiaceae,13.1,7.77,14.75,220789.361,9633468.75
T04,101,TATAPIRIRICA,Tapirira guianensis,Anacardiaceae,37.2,14.28,28.99,220790.4156,9633464.262
T05,1,FAVA ARARA,Parkia multijuga,Fabaceae,43.7,10.96,16.58,220728.75,9632832.74
T05,2,MORTA,NA,NA,57.5,NA,11.11,220728.6606,9632832.695
T05,3,INGA,Inga marginata,Fabaceae,10.8,7.99,11.89,220727.9861,9632828.224
T05,4,MANDIOQUEIRA,Qualea paraensis,Vochysiaceae,16,14.08,19.43,220716.1302,9632822.196
T05,5,BREU BRANCO,Protium paniculatum,Burseraceae,20,9.54,21.05,220712.2831,9632820.947
T05,6,MATAMATA,Eschweilera parviflora,Lecythidaceae,43.3,13.93,28.51,220706.6524,9632826.184
T05,7,CASCA SECA,Licania canescens,Chrysobalanaceae,58.3,14.52,21.81,220705.5719,9632817.151
T05,8,MOLONGO,Ambelania acida,Apocynaceae,13.1,8,14.96,220698.5029,9632813.4
T05,9,ARATACIU,Sagotia racemosa,Euphorbiaceae,12.6,4.55,9.27,220698.2345,9632813.266
T05,10,JOAO MOLE,Neea oppositifolia,Nyctaginaceae,11.4,5.07,8.75,220692.5527,9632810.543
T05,11,BURRA LEITEIRA,Sapium marmieri,Euphorbiaceae,10.1,8.54,9.5,220665.5307,9632797.729
T05,12,ANDORINHA,Casearia grandiflora,Salicaceae,13.3,9.83,10.19,220658.2822,9632793.218
T05,13,PELO DE CUTIA,NI,NI,10.8,8.53,12.86,220585.3573,9632756.828
T05,14,LACRE BRANCO,Vismia guianensis,Clusiaceae,10.9,6.55,9.47,220583.4343,9632756.875
T05,15,FREIJO BRANCO,Cordia scabrifolia,Boraginaceae,10.6,4.17,7.88,220574.4859,9632751.739
T05,16,FAVA ATANA,Parkia gigantocarpa,Fabaceae,60.3,16.28,24.34,220570.1969,9632756.975
T05,17,PENTE DE MACACO,Apeiba echinata,Malvaceae,30.4,7.86,10.12,220570.8179,9632750.579
T05,18,GEMA DE OVO,Poecilanthe effusa,Fabaceae,10.5,4.05,10.91,220561.2429,9632744.907
T05,19,BREU DE LEITE,Thyrsodium paraense,Anacardiaceae,10.3,4.77,8.19,220559.7666,9632744.282
T05,20,FAVA BRANCA,Parkia paraensis,Fabaceae,53.9,10.74,23,220551.5193,9632750.504
T05,21,PARICARANA,Dimorphandra macrostachya,Fabaceae,60,17.15,26.91,220546.3908,9632746.032
T05,22,FAVA MARIMARI,Cassia fastuosa,Fabaceae,45.7,9.39,18.08,220547.1138,9632740.209
T05,23,MORTA,NA,NA,70,NA,12.91,220498.2519,9632717.605
T05,24,BURRA LEITEIRA,Sapium marmieri,Euphorbiaceae,21.1,7.9,14.56,220493.6438,9632709.91
T05,25,ENVIRA PRETA,Bocageopsis pleiosperma,Annonaceae,15.8,10.26,11.17,220493.2889,9632709.725
T05,26,FREIJO BRANCO,Cordia scabrifolia,Boraginaceae,17.7,6.27,10.7,220490.8504,9632708.344
T05,27,FREIJO BRANCO,Cordia scabrifolia,Boraginaceae,11.5,10.75,15.34,220485.7505,9632705.577
T05,28,FREIJO BRANCO,Cordia scabrifolia,Boraginaceae,12.2,11.59,15.34,220485.5731,9632705.485
T05,29,JATEREU,Lecythis idatimon,Lecythidaceae,41.2,18.67,24.73,220504.148,9632721.011
T05,30,MORTA,NA,NA,42,NA,11.23,220476.4498,9632704.007
T05,31,INHARE,Helicostylis sp.,Moraceae,25.2,17.94,21.88,220477.6757,9632701.602
T05,32,JATEREU,Lecythis idatimon,Lecythidaceae,12.3,8.52,13.15,220465.3747,9632695.474
T05,33,SERINGARANA,Hevea sp.,Euphorbiaceae,57.7,21.82,30.7,220456.8778,9632690.156
T05,34,TAXIRANA,Stryphnodendron paniculatum,Fabaceae,19.7,7.46,12.86,220447.8636,9632685.809
T05,35,MORTA,NA,NA,42,NA,5.65,220439.019,9632684.972
T05,36,MAPATIRANA,Pourouma minor,Urticaceae,28.5,20.31,27.54,220432.9862,9632677.581
T05,37,MAPATIRANA,Pourouma minor,Urticaceae,42.2,11,21.92,220424.5053,9632676.486
T05,38,MANGUERANO,NI,NI,10.4,3.33,8.54,220426.1041,9632673.485
T05,39,FAVA ATANA,Parkia gigantocarpa,Fabaceae,16.5,10.29,14.48,220421.0092,9632672.415
T05,40,FAVA ATANA,Parkia gigantocarpa,Fabaceae,16.5,16.58,18.31,220419.3724,9632670.383
T05,41,PARICARANA,Dimorphandra macrostachya,Fabaceae,47.1,20.09,32.25,220406.2924,9632672.817
T05,42,CUPIUBA,Goupia glabra,Goupiaceae,82,12.38,26.05,220405.9593,9632662.384
T05,43,CAJU,NI,NI,49.3,21.71,35.88,220389.0915,9632660.018
T05,44,CARAMUXI,Pouteria hispida,Sapotaceae,41.9,17.34,27.47,220382.601,9632653.061
T05,45,MATAMATA,Eschweilera parviflora,Lecythidaceae,49,21.58,32,220373.3522,9632655.534
T05,46,MACUCU,Licania heteromorpha,Chrysobalanaceae,10.4,8.43,14,220374.2606,9632645.322
T05,47,GUAJARA PELUDO,Pouteria sp.,Sapotaceae,48,21.46,31.85,220368.1468,9632644.038
T05,48,MATAMATA,Eschweilera parviflora,Lecythidaceae,42.2,16.38,28.42,220347.0146,9632634.79
T05,49,GUAJARA BRANCO,Pouteria sp.,Sapotaceae,41.6,19.75,29.34,220342.1235,9632634.4
T05,50,JOAO MOLE,Neea oppositifolia,Nyctaginaceae,19.7,4.85,9.12,220341.1636,9632627.27
T05,52,ANDIROBA,Carapa guianensis,Meliaceae,36.6,12.63,20.68,220324.064,9632626.828
T05,53,CUPIUBA,Goupia glabra,Goupiaceae,83.7,21.55,36.43,220308.4968,9632617.768
T05,54,MATAMATA,Eschweilera parviflora,Lecythidaceae,18.1,14.82,21.15,220307.7782,9632609.972
T05,55,MAPATIRANA,Pourouma minor,Urticaceae,26,16.08,26.98,220296.9579,9632603.273
T05,56,MAPATIRANA,Pourouma minor,Urticaceae,27.2,16.08,26.98,220296.9579,9632603.273
T05,57,INGA,Inga marginata,Fabaceae,38.7,16.48,28.57,220292.4148,9632601.592
T05,58,COCO PAU,Couepia robusta,Chrysobalanaceae,44.7,20.14,24,220329.7691,9632613.993
T05,59,PARURU,NI,NI,56.9,12.59,33.58,220315.7851,9632604.088
T05,60,TAXI PRETO,Tachigali myrmecophila,Fabaceae,70.8,18.55,41.8,220304.2163,9632606.662
T05,61,TACHI,Tachigali myrmecophila,Fabaceae,39.5,19.13,28.06,220302.554,9632599.149
T05,62,ENVIRA CANA,Xylopia nitida,Annonaceae,53.4,30.91,40.57,220301.0363,9632596.044
T05,63,PARAPARA,Jacaranda copaia,Bignoniaceae,59.8,22.01,35.34,220299.0111,9632598.356
T05,64,ARATACIU,Sagotia racemosa,Euphorbiaceae,12.1,6.22,10.43,220366.1964,9632640.468
T05,65,IPERANA,Eperua bijuga,Fabaceae,18.9,13.48,19.46,220362.644,9632638.417
T05,66,TANIBUCA,Terminalia amazonia,Combretaceae,75,23.63,32.61,220356.2633,9632632.317
T05,67,INGA PELUDO,Inga grandis,Fabaceae,29,17.02,24.76,220350.6982,9632632.129
T05,68,MORTA,NA,NA,36.3,NA,8.33,220365.8708,9632645.758
T05,69,JATEREU,Lecythis idatimon,Lecythidaceae,10.6,8.27,11.02,220346.6191,9632629.79
T05,70,ARATACIU,Sagotia racemosa,Euphorbiaceae,10.3,5.87,9.45,220344.5529,9632628.777
T05,71,CAJUA?,Anacardium spruceanum,Anacardiaceae,54.2,21.61,32.38,220341.3574,9632620.314
T05,72,ABIU ROSADINHO,Pouteria anibifolia,Sapotaceae,45.9,22.97,32.56,220416.0864,9632666.768
T05,73,MARAVUVUIA,Croton matourensis,Euphorbiaceae,57.4,28.98,41.59,220410.928,9632655.184
T05,74,SABUEIRO,Abarema jupunba,Fabaceae,35.8,18.38,24.84,220388.5887,9632646.075
T05,75,VIROLA,Virola melinoni,Myristicaceae,55,28.98,41.59,220389.5292,9632644.31
T05,76,MORTA,NA,NA,39.6,NA,33.74,220432.1554,9632677.014
T05,77,MATA MATA BRANCO,Eschweilera coriacea,Lecythidaceae,46.7,15.87,26.91,220432.3589,9632674.505
T05,78,TAXI PRETO,Tachigali myrmecophila,Fabaceae,46.2,20.38,29.7,220514.7215,9632710.393
T05,79,MATAMATA,Eschweilera parviflora,Lecythidaceae,53.9,24.21,32.08,220509.8109,9632711.22
T05,80,URUCURANA,Sloanea guianensis,Elaeocarpaceae,10.9,1.48,7.08,220556.9922,9632741.967
T05,81,ANDORINHA,Casearia grandiflora,Salicaceae,16.4,9.39,12.41,220547.1431,9632737.068
T05,82,BURRA LEITEIRA,Sapium marmieri,Euphorbiaceae,15.4,5.48,10.35,220590.4572,9632758.926
T05,83,PIQUIA,Caryocar villosum,Caryocaraceae,17.3,5.64,11.78,220618.1062,9632772.947
T05,84,TAMANQUEIRA,Zanthoxylum rhoifolium,Rutaceae,21.5,8.46,17.88,220683.38,9632804.512
T05,85,INGA,Inga marginata,Fabaceae,12.7,7.64,14.16,220673.6275,9632800.54
T05,86,CAFEZINHO,Heisteria densifrons,Olacaceae,10.4,5.68,7.33,220660.563,9632793.127
T05,87,BARROTE,Tetragastris altissima,Burseraceae,36.5,6.39,13.24,220724.0034,9632825.007
T05,88,MANDIOQUEIRA,Qualea paraensis,Vochysiaceae,95,20.53,34.09,220723.1925,9632817.673
T05,89,CARAMUXI,Pouteria hispida,Sapotaceae,26.5,12.6,25.14,220716.5772,9632821.972
T05,90,TAXI BRANCO,Tachigali paniculata,Fabaceae,68,11.74,21.87,220714.3368,9632816.607
T05,91,ANDIROBA,Carapa guianensis,Meliaceae,36,12.11,27.88,220704.0056,9632815.81
T06,1,MORTA,NA,NA,37.7,NA,7.98,218928.9926,9633101.348
T06,2,EMBAUBA,Cecropia ficifolia,Urticaceae,11.7,8,14.08,218934.579,9633106.234
T06,3,MORTA,NA,NA,11.6,NA,5.96,218946.0454,9633113.46
T06,4,MORTA,NA,NA,25,NA,10.27,218949.1601,9633115.056
T06,5,EMBAUBA,Cecropia ficifolia,Urticaceae,12.5,7.31,12.23,218960.5188,9633119.642
T06,6,EMBAUBA,Cecropia ficifolia,Urticaceae,10.5,8.31,11.27,218991.0084,9633134.258
T06,7,MARAVUVUIA,Croton matourensis,Euphorbiaceae,21.2,10.14,15.22,219016.0927,9633148.239
T06,8,EMBAUBA,Cecropia ficifolia,Urticaceae,17.7,7.19,14.75,219019.3031,9633149.21
T06,9,EMBAUBA,Cecropia ficifolia,Urticaceae,12.7,7.65,12.49,219032.2413,9633156.853
T06,10,EMBAUBA,Cecropia ficifolia,Urticaceae,16,9,12.27,219055.032,9633167.636
T06,11,EMBAUBA,Cecropia ficifolia,Urticaceae,13.2,9.96,13.15,219067.7465,9633175.277
T06,12,FREIJO BRANCO,Cordia scabrifolia,Boraginaceae,10.8,5.53,9.3,219077.1385,9633179.753
T06,13,EMBAUBA,Cecropia ficifolia,Urticaceae,11.9,8.09,12.71,219077.4577,9633179.13
T06,14,EMBAUBA,Cecropia ficifolia,Urticaceae,11.2,6.86,12.22,219105.7754,9633195.258
T06,15,EMBAUBA,Cecropia ficifolia,Urticaceae,16.8,9.34,14.3,219125.8792,9633204.282
T06,16,EMBAUBA,Cecropia ficifolia,Urticaceae,13.7,4.82,7.26,219126.3484,9633205.547
T06,17,EMBAUBA,Cecropia ficifolia,Urticaceae,14,10.28,13.55,219131.9166,9633208.711
T06,18,EMBAUBA,Cecropia ficifolia,Urticaceae,11,10.28,11.62,219139.3383,9633213.079
T06,19,UXIRANA,Sacoglottis guianensis,Humiriaceae,27,14.14,18.93,219152.6433,9633217.837
T06,20,JATEREU,Lecythis idatimon,Lecythidaceae,11,9.95,15.18,219152.8202,9633217.93
T06,21,SERINGA PRETA,NI,NI,40,20.2,30.65,219165.5637,9633219.001
T06,22,ABIURANA,Pouteria gongrijpii,Sapotaceae,33,8.19,12.24,219165.9101,9633224.837
T06,23,MORTA,NA,NA,20.5,NA,7.79,219173.4548,9633229.835
T06,24,ABIURANA ROSADINHA,NI,NI,48.7,16.06,28.08,219170.179,9633236.134
T06,25,BARROTE,Tetragastris altissima,Burseraceae,43.7,15.03,22.51,219179.9462,9633239.026
T06,26,JATEREU,Lecythis idatimon,Lecythidaceae,46.6,16.51,27.9,219185.3915,9633244.16
T06,27,EMBAUBA,Cecropia ficifolia,Urticaceae,11.2,8.26,11.16,219191.7359,9633238.463
T06,28,EMBAUBA,Cecropia ficifolia,Urticaceae,12.7,9.2,12.25,219188.673,9633237.946
T06,29,EMBAUBA,Cecropia ficifolia,Urticaceae,16.2,11.65,16.33,219208.4251,9633248.72
T06,30,EMBAUBA,Cecropia ficifolia,Urticaceae,14,10.22,11.84,219209.3737,9633249.7
T06,31,EMBAUBA,Cecropia ficifolia,Urticaceae,21.7,11.79,18.6,219209.5636,9633249.348
T06,32,MORTA,NA,NA,44.8,NA,21.64,219224.7478,9633255.32
T06,33,EMBAUBA,Cecropia ficifolia,Urticaceae,14.5,12.69,16.36,219229.8337,9633260.635
T06,34,MATAMATA,Eschweilera parviflora,Lecythidaceae,45.6,13.77,23.53,219233.9163,9633265.284
T06,35,URUCURANA,Sloanea guianensis,Elaeocarpaceae,55,23.29,37.78,219240.9174,9633261.15
T06,36,COPAIBA,Copaifera reticulata,Fabaceae,54,16.46,27.45,219241.8669,9633259.39
T06,37,ABIU VERMELHO,Pouteria cladantha,Sapotaceae,38,14.33,24.66,219241.8996,9633271.968
T06,38,JARANA,Lecythis lurida,Lecythidaceae,59.8,18.04,34.83,219259.1611,9633275.774
T06,39,MORTA,NA,NA,13,NA,3.66,219268.3197,9633281.964
T06,40,MORTA,NA,NA,50,NA,5.94,219272.9932,9633275.406
T06,41,FREIJO BRANCO,Cordia scabrifolia,Boraginaceae,13.3,4.18,8.03,219278.4278,9633286.394
T06,42,JATEREU,Lecythis idatimon,Lecythidaceae,43.5,19.69,24.64,219280.032,9633291.846
T06,43,MORTA,NA,NA,42.5,NA,19.95,219287.4801,9633282.25
T06,44,EMBAUBA,Cecropia ficifolia,Urticaceae,12.5,7.66,12.32,219283.1127,9633290.347
T06,45,MORTA,NA,NA,31.8,NA,11.24,219293.7168,9633295.964
T06,46,TIMBORANA,Pseudopiptadenia suaveolens,Fabaceae,38.8,18.52,24.63,219317.9843,9633303.632
T06,47,ABIURANA,Pouteria gongrijpii,Sapotaceae,38.5,12.67,25.58,219321.2664,9633312.292
T06,48,EMBAUBA,Cecropia ficifolia,Urticaceae,11.5,9.63,11.08,219327.9664,9633314.615
T06,49,EMBAUBA,Cecropia ficifolia,Urticaceae,13,8.59,13.05,219330.8998,9633317.602
T06,50,EMBAUBA,Cecropia ficifolia,Urticaceae,16,9.91,13.87,219333.0311,9633317.864
T06,51,EMBAUBA,Cecropia ficifolia,Urticaceae,13.6,8.24,11.81,219333.2684,9633317.423
T06,52,EMBAUBA,Cecropia ficifolia,Urticaceae,11.6,7.7,10.17,219333.3961,9633317.608
T06,53,EMBAUBA,Cecropia ficifolia,Urticaceae,15.6,12.81,16.76,219350.9367,9633327.848
T06,54,EMBAUBA,Cecropia ficifolia,Urticaceae,15.2,10.28,13.55,219353.4363,9633329.112
T07,1,EMBAUBA,Cecropia ficifolia,Urticaceae,13,9.28,12.45,219026.6064,9632928.743
T07,2,EMBAUBA,Cecropia ficifolia,Urticaceae,12,7.64,9.54,219030.2515,9632931.043
T07,3,EMBAUBA,Cecropia ficifolia,Urticaceae,12.8,12.56,13.83,219042.6962,9632936.828
T07,4,MORTA,NA,NA,32.3,NA,9.67,219046.1526,9632940.957
T07,5,EMBAUBA,Cecropia ficifolia,Urticaceae,14.5,10.11,14.25,219058.1096,9632946.593
T07,6,EMBAUBA,Cecropia ficifolia,Urticaceae,12.7,10.73,14.12,219063.6582,9632949.577
T07,7,EMBAUBA,Cecropia ficifolia,Urticaceae,15,9.86,14.09,219063.875,9632949.807
T07,8,EMBAUBA,Cecropia ficifolia,Urticaceae,12.2,10.45,12.55,219068.8544,9632952.371
T07,9,MORTA,NA,NA,40,NA,11.84,219081.7129,9632959.286
T07,10,EMBAUBA,Cecropia ficifolia,Urticaceae,10,7.83,14.33,219090.5675,9632963.935
T07,11,CASCA SECA,Licania canescens,Chrysobalanaceae,53.8,17.26,29.98,219096.6245,9632967.873
T07,12,EMBAUBA,Cecropia ficifolia,Urticaceae,13.5,4.04,5.04,219103.9071,9632971.222
T07,13,EMBAUBA,Cecropia ficifolia,Urticaceae,10.6,8.71,11.1,219107.7615,9632972.5
T07,14,MORTA,NA,NA,11.6,NA,7.37,219129.9698,9632985.465
T07,15,MORTA,NA,NA,18.3,NA,4.13,219143.4722,9632993.294
T07,16,ABIU ROSADINHO,Pouteria anibifolia,Sapotaceae,17,10.03,12.6,219148.3162,9632995.899
T07,17,EMBAUBA,Cecropia ficifolia,Urticaceae,12,10.1,12.05,219152.3468,9632997.272
T07,18,MORTA,NA,NA,34.2,NA,30,219152.7323,9632996.344
T07,19,EMBAUBA,Cecropia ficifolia,Urticaceae,12.8,10.67,13.12,219160.3813,9633000.911
T07,20,MATA MATA VERMELHO,Eschweilera grandifolia,Lecythidaceae,46,18.7,26.91,219162.6817,9633009.302
T07,21,MATAMATA,Eschweilera parviflora,Lecythidaceae,73,26.85,30.14,219170.854,9633017.33
T07,22,MATAMATA,Eschweilera parviflora,Lecythidaceae,55,18,29.04,219179.0749,9633014.711
T07,23,EMBAUBA,Cecropia ficifolia,Urticaceae,12.5,7.98,10.9,219189.2556,9633016.894
T07,24,EMBAUBA,Cecropia ficifolia,Urticaceae,16,11.2,17.22,219189.3503,9633016.718
T07,25,EMBAUBA,Cecropia ficifolia,Urticaceae,18.3,14.11,17.35,219189.7766,9633015.925
T07,26,EMBAUBA,Cecropia ficifolia,Urticaceae,11.5,9.24,12.3,219208.2896,9633027.325
T07,27,BARROTE,Tetragastris altissima,Burseraceae,52,24.05,31.08,219213.5594,9633022.998
T07,28,MATAMATA,Eschweilera parviflora,Lecythidaceae,24.5,8.82,13.27,219210.2519,9633029.167
T07,29,ABIU ROSADINHO,Pouteria anibifolia,Sapotaceae,40,16.79,28.05,219219.2067,9633033.84
T07,30,MATA MATA BRANCO,Eschweilera coriacea,Lecythidaceae,54.3,21.01,32,219228.5898,9633042.37
T07,31,JATEREU,Lecythis idatimon,Lecythidaceae,26.5,14.99,21.15,219235.1257,9633040.761
T07,32,INGA,Inga marginata,Fabaceae,12.3,7.06,9.51,219238.8897,9633042.206
T07,33,MORTA,NA,NA,67.5,NA,36.41,219241.4254,9633039.592
T07,34,INGA,Inga marginata,Fabaceae,12.6,2.14,13.92,219246.8365,9633047.7
T07,35,INGA,Inga marginata,Fabaceae,12.3,6.86,13.73,219246.7893,9633047.788
T07,36,MORTA,NA,NA,22.6,NA,13.7,219250.717,9633049.774
T07,37,MORTA,NA,NA,16.3,NA,7.53,219252.8746,9633051.041
T07,38,MASSARANDUBA,Manilkara huberi,Sapotaceae,51.3,27.65,37.73,219255.3632,9633045.341
T07,39,EMBAUBA,Cecropia ficifolia,Urticaceae,11.5,9.4,12.49,219254.9503,9633052.037
T07,40,MORTA,NA,NA,37,NA,4.2,219262.3241,9633052.463
T07,41,FAVA,Parkia sp.,Fabaceae,11,9.17,13.93,219270.2866,9633058.986
T07,42,FAVA,Parkia sp.,Fabaceae,10.5,9.27,14.09,219270.2866,9633058.986
T07,43,INHARE,Helicostylis sp.,Moraceae,62,26.8,33.81,219279.4587,9633063.889
T07,44,BARROTE,Tetragastris altissima,Burseraceae,35,11.48,17.02,219282.9234,9633068.008
T07,45,MAPARAJUBA,Manilkara amazonica,Sapotaceae,52.5,21.04,31.91,219296.7725,9633067.706
T07,46,MORTA,NA,NA,10.8,NA,14.42,219314.1055,9633083.561
T07,47,EMBAUBA,Cecropia ficifolia,Urticaceae,13.6,12.73,14.47,219314.6785,9633085.02
T07,48,MORTA,NA,NA,11.7,NA,13.11,219320.9017,9633088.228
T07,49,FAVA,Parkia sp.,Fabaceae,14,10.36,13.86,219331.0323,9633093.251
T07,50,A?ITA CAVALO,Luehea sp.,Malvaceae,62,26.25,41.01,219331.645,9633092.333
T07,51,JUTAI POROROCA,Dialium guianense,Fabaceae,43.4,17.83,24.79,219335.8944,9633092.053
T07,52,MATAMATA,Eschweilera parviflora,Lecythidaceae,25.9,19.96,27.92,219337.0883,9633096.139
T07,53,BARROTE,Tetragastris altissima,Burseraceae,54,7.33,12.55,219350.5057,9633105.376
T07,54,JUTAI POROROCA,Dialium guianense,Fabaceae,41.2,14.28,26.4,219365.1805,9633116.907
T07,55,FAVA,Parkia sp.,Fabaceae,19,11.3,18.83,219374.8414,9633118.816
T07,56,FAVA,Parkia sp.,Fabaceae,18,11.3,18.83,219374.8414,9633118.816
T07,57,EMBAUBA,Cecropia ficifolia,Urticaceae,32.8,14.98,21.03,219381.5419,9633121.145
T07,58,MORTA,NA,NA,15.5,NA,7.87,219392.3808,9633127.588
T07,59,MATAMATA,Eschweilera parviflora,Lecythidaceae,52.7,19.72,30.34,219385.5843,9633117.894
T07,60,EMBAUBA,Cecropia ficifolia,Urticaceae,11.4,10.96,14.79,219394.3225,9633128.203
T07,61,FAVA BARBATIMAO,Stryphnodendron pulcherrimum,Fabaceae,43,15.31,20.2,219429.5123,9633137.584
T07,62,JUTAI POROROCA,Dialium guianense,Fabaceae,33,17.28,23.45,219451.0792,9633158.633
T08,1,EMBAUBA,Cecropia ficifolia,Urticaceae,13,10.78,12.8,219122.8682,9632753.842
T08,2,LOURO PRETO,Nectandra cuspidata,Lauraceae,10.3,6.5,8.79,219123.1398,9632753.763
T08,3,LOURO PRETO,Nectandra cuspidata,Lauraceae,12.2,7.15,11.22,219123.6523,9632753.246
T08,4,MORTA,NA,NA,22,NA,15.39,219126.807,9632754.981
T08,5,EMBAUBA,Cecropia ficifolia,Urticaceae,20.3,12.16,17.24,219125.8434,9632756.733
T08,6,PARAPARA,Jacaranda copaia,Bignoniaceae,11.2,12.6,14.83,219145.7,9632766.281
T08,7,EMBAUBA,Cecropia ficifolia,Urticaceae,10.6,9.19,13.64,219148.7276,9632767.831
T08,8,EMBAUBA,Cecropia ficifolia,Urticaceae,11.7,9.08,12.77,219151.2032,9632769.763
T08,9,EMBAUBA,Cecropia ficifolia,Urticaceae,13,10.58,14.14,219163.7866,9632775.312
T08,10,EMBAUBA,Cecropia ficifolia,Urticaceae,10.8,6.62,9.7,219163.8742,9632775.36
T08,11,ENVIRA PRETA,Bocageopsis pleiosperma,Annonaceae,10.2,4.73,7.51,219164.4967,9632777.756
T08,12,MORTA,NA,NA,37.7,NA,2.22,219176.8172,9632783.16
T08,13,TATAPIRIRICA,Tapirira guianensis,Anacardiaceae,12,5.96,10.4,219181.4354,9632786.384
T08,14,JANAUBA,NI,NI,11.8,4.62,7.4,219184.0161,9632787.917
T08,15,ABIU GUAJARA,NI,NI,72,25.92,39.91,219188.0967,9632799.176
T08,16,INGA CHICHICA,Inga heterophylla,Fabaceae,14.8,5.62,9.37,219193.9444,9632792.691
T08,17,MATAMATA,Eschweilera parviflora,Lecythidaceae,14.1,6.92,11.44,219195.1579,9632792.559
T08,18,ABIURANA CASCA FINA,Pouteria retinervis,Sapotaceae,17.8,12.23,17.05,219200.7138,9632796.983
T08,19,MASSARANDUBA,Manilkara huberi,Sapotaceae,25.3,8.13,19.57,219210.3049,9632802.37
T08,20,ABIURANA AMARELA,NI,NI,11,3.37,6.76,219210.4276,9632802.438
T08,21,FAVA CANA,NI,NI,12.6,8.44,14.96,219216.189,9632804.122
T08,22,FAVA CANA,NI,NI,14.8,8.52,12.66,219217.2409,9632806.982
T08,23,LOURO CANELAdo,Ocotea canaliculata,Lauraceae,15.3,7.45,13.17,219218.0952,9632806.882
T08,24,ABIU CUTITE,Pouteria macrophilla,Sapotaceae,36.5,17.66,25.41,219283.9709,9632844.811
T08,25,PAU DE REMO,Chimarrhis turbinata,Rubiaceae,52,15.84,22.17,219296.4338,9632850.132
T08,26,ABIU TAUARI,NI,NI,55,7.99,17.57,219303.8836,9632851.092
T08,27,MATA MATA BRANCO,Eschweilera coriacea,Lecythidaceae,43.7,17.1,26.29,219302.1357,9632862.652
T08,28,FREIJO BRANCO,Cordia scabrifolia,Boraginaceae,17.2,4.61,8.29,219314.1047,9632858.666
T08,29,MATA MATA BRANCO,Eschweilera coriacea,Lecythidaceae,41.4,15.95,24.61,219313.6483,9632866.605
T08,30,MORTA,NA,NA,25,NA,14.5,219324.5329,9632865.443
T08,31,FAVA,Parkia sp.,Fabaceae,11,4.8,7.87,219326.1306,9632864.602
T08,32,CASCA SECA,Licania canescens,Chrysobalanaceae,50.6,19.77,33.12,219326.7643,9632875.973
T08,33,JATEREU,Lecythis idatimon,Lecythidaceae,14.2,10.51,13.71,219340.3477,9632871.95
T08,34,EMBAUBA,Cecropia ficifolia,Urticaceae,10.6,9.04,12.19,219379.923,9632894.399
T08,35,EMBAUBA,Cecropia ficifolia,Urticaceae,13.7,10.85,16.45,219382.1897,9632895.672
T08,36,MORTA,NA,NA,35.6,NA,3.19,219390.4224,9632899.38
T08,37,EMBAUBA,Cecropia ficifolia,Urticaceae,13,10.66,13.24,219394.0077,9632902.197
T08,38,EMBAUBA,Cecropia ficifolia,Urticaceae,10.8,10.67,13.82,219394.8312,9632902.775
T08,39,MATAMATA,Eschweilera parviflora,Lecythidaceae,35,20.48,28.27,219398.2688,9632903.789
T08,40,ABIU ROSADINHO,Pouteria anibifolia,Sapotaceae,40,21.48,28.94,219407.7652,9632911.418
T08,41,MASSARANDUBA,Manilkara huberi,Sapotaceae,55.5,27.99,36.64,219407.9667,9632917.266
T08,42,JATEREU,Lecythis idatimon,Lecythidaceae,24.4,17.14,24.55,219416.482,9632915.283
T08,43,GUAJARA,Pouteria sp.,Sapotaceae,53,26.73,33.08,219417.6505,9632920.413
T08,44,MORTA,NA,NA,11.8,NA,9.94,219444.9612,9632930.939
T08,45,SUCUPIRA AMARELA,NI,NI,50.2,21.1,31.05,219451.4474,9632931.601
T08,46,MORTA,NA,NA,20.5,NA,3.24,219451.9077,9632935.53
T08,47,MORTA,NA,NA,23,NA,17.45,219454.4547,9632936.502
T08,48,INHARE,Helicostylis sp.,Moraceae,60,26.62,31.76,219456.789,9632944.696
T08,49,MAMONINHA,NI,NI,13.5,7.25,11.41,219466.0969,9632941.896
T08,50,MATA MATA CI,Eschweilera amazonica,Lecythidaceae,24,11.32,20.04,219480.2205,9632949.831
T08,51,TAUARI,Couratari stellata,Lecythidaceae,64,17.16,25.23,219488.0472,9632961.11
T08,52,MORTA,NA,NA,54,NA,17.58,219498.7107,9632951.503
T08,53,EMBAUBA,Cecropia ficifolia,Urticaceae,10.5,8.17,12.07,219508.6045,9632966.696
T08,54,MORTA,NA,NA,15,NA,4.28,219511.617,9632968.274
T08,55,MATAMATA PRETO,Eschweilera ovata,Lecythidaceae,12,8.45,13.96,219516.2578,9632971.454
T08,56,MERAUBA,Mouriri collocarpa,Melastomataceae,20,10.3,15.74,219516.4322,9632971.552
T08,57,TACHI,Tachigali myrmecophila,Fabaceae,47,21.83,29.98,219522.2696,9632979.191
T08,58,MORTA,NA,NA,11.7,NA,4.82,219528.949,9632979.502
T08,59,TAXIRANA,Stryphnodendron paniculatum,Fabaceae,41,17.2,25.03,219533.6971,9632983.317
T08,60,MORTA,NA,NA,21,NA,20.75,219539.8533,9632983.335
T08,61,MORTA,NA,NA,23.8,NA,19.99,219545.5901,9632988.049
T08,62,TAXIRANA,Stryphnodendron paniculatum,Fabaceae,44,23.54,32.82,219548.4104,9632983.554
T08,63,PAU DE REMO,Chimarrhis turbinata,Rubiaceae,48.2,13.4,22.1,219550.3818,9632981.221
T09,1,MORTA,NA,NA,49.5,NA,27.2,219217.2327,9632590.289
T09,2,EMBAUBA BRANCA,Cecropia palmata,Urticaceae,12.2,10.67,13.36,219220.4086,9632588.582
T09,3,MORTA,NA,NA,43,NA,31.37,219283.8335,9632626.913
T09,4,EMBAUBA,Cecropia ficifolia,Urticaceae,45,9.25,12.79,219288.7274,9632626.235
T09,5,MORTA,NA,NA,10.3,NA,4.42,219330.7229,9632647.368
T09,6,MORTA,NA,NA,39,NA,27.68,219330.5237,9632649.868
T09,7,EMBAUBA BRANCA,Cecropia palmata,Urticaceae,16.4,11.98,15.13,219356.681,9632662.447
T09,8,MORTA,NA,NA,29,NA,22.9,219357.4694,9632663.094
T09,9,INGA,Inga marginata,Fabaceae,10.3,6.49,10.71,219364.7234,9632666.28
T09,10,ROXINHO,Peltogyne leicointei,Fabaceae,62,18.55,29.17,219370.494,9632666.295
T09,11,TAXI BRANCO,Tachigali paniculata,Fabaceae,72.4,21.05,26,219414.4178,9632694.825
T09,12,MORTA,NA,NA,12,2.8,2.59,219391.0426,9632681.305
T09,13,JATEREU,Lecythis idatimon,Lecythidaceae,19.5,7.7,11.26,219444.0358,9632710.657
T09,14,EMBAUBA,Cecropia ficifolia,Urticaceae,16.8,8.04,15.2,219445.1772,9632713.616
T09,15,MORTA,NA,NA,40,NA,13.05,219443.6202,9632720.788
T09,16,JOAO MOLE,Neea oppositifolia,Nyctaginaceae,14,6.56,11.51,219455.2839,9632718.029
T09,17,EMBAUBA BRANCA,Cecropia palmata,Urticaceae,15.5,3.09,4.73,219455.2123,9632718.16
T09,18,EMBAUBA BRANCA,Cecropia palmata,Urticaceae,10,9.49,10.33,219457.473,9632718.176
T09,19,EMBAUBA BRANCA,Cecropia palmata,Urticaceae,11.5,8.73,11.59,219458.314,9632720.835
T09,20,MORTA,NA,NA,13.7,NA,7.84,219465.4638,9632724.424
T09,21,EMBAUBA,Cecropia ficifolia,Urticaceae,15.3,9.8,13.52,219466.6256,9632725.007
T09,22,EMBAUBA,Cecropia ficifolia,Urticaceae,16.5,7.35,12.1,219468.6182,9632724.889
T09,23,ENVIRA SURUCUCU,Duguetia stelechantha,Annonaceae,13.2,5.72,6.02,219508.9776,9632744.813
T09,24,JATEREU,Lecythis idatimon,Lecythidaceae,45.7,16.45,26.15,219522.9769,9632758.887
T09,25,CASCA SECA,Licania canescens,Chrysobalanaceae,36.4,17.92,24.21,219527.4982,9632758.919
T09,26,TAXIRANA,Stryphnodendron paniculatum,Fabaceae,30.5,15.14,23.29,219535.6946,9632758.448
T09,27,FAVA ORELHA DE MACACO,Enterolobium schomburgkii,Fabaceae,46.5,17.57,27.77,219534.5953,9632764.719
T09,28,TAUARI,Couratari stellata,Lecythidaceae,35.3,14.11,19.85,219540.1159,9632760.779
T09,29,NI,NI,NI,15.3,12.32,15.81,219545.8883,9632763.341
T09,30,MATA MATA BRANCO,Eschweilera coriacea,Lecythidaceae,68,16.65,28.49,219549.1744,9632760.181
T09,31,INGA,Inga marginata,Fabaceae,41.8,12.98,19.95,219549.0003,9632767.476
T09,32,INGA,Inga marginata,Fabaceae,16,12.98,19.83,219559.8724,9632770.472
T09,33,INGA,Inga marginata,Fabaceae,47.3,15,24.51,219587.1154,9632781.016
T09,34,JOAO MOLE,Neea oppositifolia,Nyctaginaceae,42.2,17.8,25.23,219595.9161,9632783.644
T09,35,NI,NI,NI,29.6,11.08,21.75,219607.2396,9632794.249
T09,36,TIMBORANA,Pseudopiptadenia suaveolens,Fabaceae,12,9.1,16.59,219611.4978,9632797.729
T09,37,BREU SUCURUBA,Trattinnickia burseraefolia,Burseraceae,11,11.52,14.26,219613.3746,9632798.671
T09,38,ANGELIM RAJADO,Zygia racemosa,Fabaceae,13.7,7.42,14.57,219618.8316,9632801.187
T09,39,ABIURANA,Pouteria gongrijpii,Sapotaceae,16,7.58,16.09,219620.535,9632801.818
T09,40,INGA,Inga marginata,Fabaceae,15.6,11.43,15.8,219621.0555,9632800.849
T09,41,MORTA,NA,NA,38.4,NA,10.52,219621.1296,9632795.853
T09,42,JANAUBA,NI,NI,15.9,7.4,9.96,219632.6424,9632806.106
T10,1,MORTA,NA,NA,20.2,NA,6.59,219295.6522,9632409.973
T10,2,LACRE BRANCO,Vismia guianensis,Clusiaceae,16.8,2.27,3.81,219298.6437,9632411.177
T10,3,SUCUPIRA PRETA,Bowdichia nitida,Fabaceae,40.2,19.48,30.26,219300.3239,9632415.771
T10,4,UXIRANA,Sacoglottis guianensis,Humiriaceae,40.5,17.21,30.35,219303.1019,9632411.595
T10,5,MORTA,NA,NA,13,NA,7.86,219305.1803,9632415.267
T10,6,BREU SUCURUBA,Trattinnickia burseraefolia,Burseraceae,35.8,8.78,12.86,219340.4375,9632430.051
T10,7,BREU SUCURUBA,Trattinnickia burseraefolia,Burseraceae,68.7,13.99,25.14,219343.934,9632431.993
T10,8,UXIRANA,Sacoglottis guianensis,Humiriaceae,45.8,13.93,23.46,219351.7041,9632438.599
T10,9,MORTA,NA,NA,38.7,NA,7.26,219363.5532,9632454.334
T10,10,CASCA SECA,Licania canescens,Chrysobalanaceae,11.7,9.68,12.7,219373.5089,9632452.887
T10,11,JUTAI POROROCA,Dialium guianense,Fabaceae,48.2,18.4,33.2,219376.6657,9632451.323
T10,12,ABIURANA,Pouteria gongrijpii,Sapotaceae,36,20.69,29.47,219377.2486,9632448.215
T10,13,ABIURANA ROSADINHA,NI,NI,26.7,10.05,16.21,219375.8885,9632454.781
T10,14,JUTAI MIRIM,Hymenaea parviflora,Fabaceae,39.2,17.7,24.52,219388.6124,9632454.529
T10,15,ACARIQUARA,Minquartia guianensis,Olacaceae,10,5.79,11.02,219393.9541,9632465.505
T10,16,ABIURANA,Pouteria gongrijpii,Sapotaceae,38,18.26,23.24,219399.1989,9632468.419
T10,17,INGA AMARELO,Inga sp.,Fabaceae,11.2,8.23,10.72,219406.192,9632472.304
T10,18,INGA AMARELO,Inga sp.,Fabaceae,10,10.57,13.24,219411.874,9632474.431
T10,19,PAU DE REMO,Chimarrhis turbinata,Rubiaceae,23.7,7.58,14.31,219414.9821,9632475.014
T10,20,SUCUPIRA BABONA,Diplotropis sp.,Fabaceae,58.8,31.31,39.16,219415.5355,9632479.783
T10,21,MORTA,NA,NA,72,NA,5.28,219420.4695,9632483.669
T10,22,NI,NI,NI,15.7,12.84,17.66,219430.7652,9632483.669
T10,23,ABIURANA CASCA FINA,Pouteria retinervis,Sapotaceae,14.2,14.58,18.66,219435.9128,9632488.817
T10,24,ACARIQUARA,Minquartia guianensis,Olacaceae,17.2,14.04,17.96,219441.7404,9632490.682
T10,25,NI,NI,NI,12.6,8.14,12.5,219450.8704,9632494.839
T10,26,BURRA LEITEIRA,Sapium marmieri,Euphorbiaceae,12,8.02,12,219464.672,9632503.766
T10,27,INGA,Inga marginata,Fabaceae,14.5,8.52,10.64,219468.6056,9632506.981
T10,28,MORTA,NA,NA,12,NA,5.77,219475.821,9632508.67
T10,29,EMBAUBA BRANCA,Cecropia palmata,Urticaceae,12.5,9.71,13.87,219478.4086,9632510.19
T10,30,EMBAUBA BRANCA,Cecropia palmata,Urticaceae,12.5,7.11,10.52,219483.8847,9632514.76
T10,31,EMBAUBA BRANCA,Cecropia palmata,Urticaceae,12.7,8.76,11.81,219485.6588,9632515.269
T10,32,EMBAUBA BRANCA,Cecropia palmata,Urticaceae,19,7.71,13.09,219485.7552,9632515.094
T10,33,EMBAUBA BRANCA,Cecropia palmata,Urticaceae,13.2,10.3,15.44,219494.2237,9632518.786
T10,34,EMBAUBA BRANCA,Cecropia palmata,Urticaceae,15.5,10.37,13.03,219525.2928,9632536.583
T10,35,MORTA,NA,NA,38.2,NA,12.2,219555.4624,9632548.541
T10,36,TATAPIRIRICA,Tapirira guianensis,Anacardiaceae,16,10.37,13.55,219573.9778,9632563.021
T10,37,MARAVUVUIA,Croton matourensis,Euphorbiaceae,10.2,7.33,9.13,219592.807,9632574.45
T10,38,INGA AMARELO,Inga sp.,Fabaceae,30.6,18.69,23.26,219603.6969,9632579.541
T10,39,FAVA BARBATIMAO,Stryphnodendron pulcherrimum,Fabaceae,25.7,19.12,24.85,219604.8002,9632580.024
T10,40,MASSARANDUBA,Manilkara huberi,Sapotaceae,43.7,19.6,25.01,219603.5538,9632582.533
T10,41,JOAO MOLE,Neea oppositifolia,Nyctaginaceae,47,20.84,31.42,219609.3015,9632576.546
T10,42,INGA,Inga marginata,Fabaceae,13,9.72,13.55,219616.097,9632584.994
T10,43,EMBAUBA BRANCA,Cecropia palmata,Urticaceae,24.7,14.82,19.7,219617.6181,9632586.385
T10,44,MORTA,NA,NA,33.3,NA,3.94,219630.8978,9632595.041
T10,45,FAVA FOLHA FINA,Parkia sp.,Fabaceae,37.7,14.77,23.4,219636.4253,9632595.755
T10,46,MARAVUVUIA,Croton matourensis,Euphorbiaceae,10.5,5.47,9.06,219617.5704,9632586.473
T10,47,MORTA,NA,NA,10,8.58,11.12,219652.8756,9632604.648
T10,48,MORTA,NA,NA,41.8,NA,19.11,219658.5788,9632613.642
T10,49,JATEREU,Lecythis idatimon,Lecythidaceae,27,11.38,24.78,219665.7631,9632612.979
T10,50,MARAVUVUIA,Croton matourensis,Euphorbiaceae,14.4,9.23,15.17,219712.8855,9632639.361
T10,51,ABIURANA,Pouteria gongrijpii,Sapotaceae,39.7,22.49,31.72,219708.1315,9632635.541
T10,52,MATAMATA PRETO,Eschweilera ovata,Lecythidaceae,57,29.74,32.97,219714.7182,9632638.078
T10,53,PAU SANTO,Zollernia paraensis,Fabaceae,35,16.44,25.17,219716.144,9632639.645
T10,54,ABIU VERMELHO,Pouteria cladantha,Sapotaceae,38,23.16,27.53,219715.7076,9632648.844
T10,55,JATEREU,Lecythis idatimon,Lecythidaceae,43.3,19.79,27.06,219719.3731,9632646.278
T10,56,MATAMATA PRETO,Eschweilera ovata,Lecythidaceae,40.2,19.17,23.49,219720.0327,9632653.455
T10,57,JATEREU,Lecythis idatimon,Lecythidaceae,38,19.87,27.78,219724.2118,9632635.253
T10,58,MORTA,NA,NA,47,NA,3.86,219726.7042,9632641.147
T10,59,MARAVUVUIA,Croton matourensis,Euphorbiaceae,18,14.94,19.95,219736.8902,9632651.314
