parcela,arvore,comum,cientifico,familia,dap2014,medicao
T01,6,cajuacu,Anacardium spruceanum,Anacardiaceae,78.9,20140414
T01,15,parajuba,Manilkara bidentata,Sapotaceae,39.6,20140414
T01,16,guajara branco,Pouteria sp.,Sapotaceae,46.5,20140414
T01,17,seringueira,Hevea brasiliensis,Euphorbiaceae,58.6,20140414
T01,18,guajara branco,Pouteria sp.,Sapotaceae,42.5,20140414
T01,23,jatereu,Lecythis idatimon,Lecythidaceae,35.2,20140414
T01,24,guajara branco,Pouteria sp.,Sapotaceae,59.3,20140414
T01,27,abiurana,Pouteria gongrijpii,Sapotaceae,53.2,20140414
T01,28,guajara branco,Pouteria sp.,Sapotaceae,52.4,20140414
T01,29,morta,NA,NA,40.2,20140414
T01,33,ucurana,Sloanea guianensis,Elaeocarpaceae,40.8,20140414
T01,36,cajuacu,Anacardium spruceanum,Anacardiaceae,38.8,20140414
T01,41,caramuxi,Pouteria hispida,Sapotaceae,46.5,20140414
T01,47,matamata,Eschweilera parviflora,Lecythidaceae,44.8,20140414
T01,48,abiurana,Pouteria gongrijpii,Sapotaceae,39.1,20140414
T01,53,matamata,Eschweilera amazonica,Lecythidaceae,47,20140414
T01,54,matamata,Eschweilera amazonica,Lecythidaceae,36.9,20140414
T01,63,guajara branco,Pouteria sp.,Sapotaceae,71.6,20140414
T01,74,sucupira,Diplotropis sp.,Fabaceae,41.8,20140414
T01,78,inhare,Helicostylis sp.,Moraceae,37.1,20140414
T01,84,caramuxi,Pouteria hispida,Sapotaceae,47,20140414
T01,89,morta,NA,NA,35.6,20140414
T01,92,jatereu,Lecythis idatimon,Lecythidaceae,42,20140414
T01,108,matamata,Eschweilera amazonica,Lecythidaceae,37.5,20140414
T01,109,breu manga,Tetragastris altissima,Burseraceae,54.6,20140414
T01,110,sucupira,Diplotropis sp.,Fabaceae,42.6,20140414
T01,113,seringarana,Micrandra minor,Euphorbiaceae,47.8,20140414
T01,116,pintadinho,Poeppigia procera,Fabaceae,39.9,20140414
T01,117,tanibuca,Terminalia amazonia,Combretaceae,35.4,20140414
T01,119,tachi preto,Tachigali myrmecophila,Fabaceae,83,20140414
T01,120,parajuba,Manilkara bidentata,Sapotaceae,53.7,20140414
T01,123,timborana,Pseudopiptadenia suaveolens,Fabaceae,48.6,20140414
T01,129,jutai,Hymenaea parvifolia,Fabaceae,59.6,20140414
T01,136,parajuba,Manilkara bidentata,Sapotaceae,37.8,20140414
T01,138,morta,NA,NA,36.6,20140414
T01,142,jatereu,Lecythis idatimon,Lecythidaceae,37,20140414
T01,145,guajara branco,Pouteria sp.,Sapotaceae,53.5,20140414
T01,152,tauari,Couratari stellata,Lecythidaceae,41,20140414
T01,153,tatapiririca,Tapirira guianensis,Anacardiaceae,36.9,20140414
T01,154,matamata,Eschweilera amazonica,Lecythidaceae,39,20140414
T01,156,copaiba,Copaifera reticulata,Fabaceae,51.5,20140414
T01,157,timborana,Pseudopiptadenia suaveolens,Fabaceae,51.5,20140414
T01,159,axixa,Sterculia pruriens,Malvaceae,58.3,20140414
T01,160,matamata branco,Eschweilera coriacea,Lecythidaceae,56.2,20140414
T01,161,parajuba,Manilkara bidentata,Sapotaceae,39.6,20140414
T01,162,breu barrote,Tetragastris panamensis,Burseraceae,41.2,20140414
T01,163,timborana,Pseudopiptadenia suaveolens,Fabaceae,40.3,20140414
T01,164,abiurana,Pouteria gongrijpii,Sapotaceae,49.9,20140414
T01,165,matamata preto,Eschweilera ovata,Lecythidaceae,45.1,20140414
T01,167,tauari,Couratari stellata,Lecythidaceae,50.5,20140414
T01,168,matamata,Eschweilera parviflora,Lecythidaceae,56.5,20140414
T01,170,seringarana,Micrandra minor,Euphorbiaceae,39,20140414
T01,171,matamata preto,Eschweilera ovata,Lecythidaceae,35.6,20140414
T01,172,louro preto,Nectandra cuspidata,Lauraceae,51.4,20140414
T01,173,sucupira tento,Ormosia nobilis,Fabaceae,60.1,20140414
T01,175,inhare,Helicostylis sp.,Moraceae,35.4,20140414
T01,176,matamata preto,Eschweilera ovata,Lecythidaceae,36.6,20140414
T01,178,abiurana,Pouteria gongrijpii,Sapotaceae,49.7,20140414
T01,179,casca seca,Licania canescens,Chrysobalanaceae,46.9,20140414
T01,180,cajuacu,Anacardium spruceanum,Anacardiaceae,94.9,20140414
T01,181,parajuba,Manilkara bidentata,Sapotaceae,37,20140414
T01,183,louro preto,Nectandra cuspidata,Lauraceae,41.2,20140414
T01,184,matamata branco,Eschweilera coriacea,Lecythidaceae,39.9,20140414
T01,185,muirapiranga,Brosimum rubescens,Moraceae,55.9,20140414
T01,186,matamata vermelho,Eschweilera coriacea,Lecythidaceae,44.1,20140414
T01,187,matamata branco,Eschweilera coriacea,Lecythidaceae,40.4,20140414
T01,188,jatereu,Lecythis idatimon,Lecythidaceae,54.1,20140414
T02,2,casca seca,Licania canescens,Chrysobalanaceae,73.2,20140414
T02,17,breu branco,Protium paniculatum,Burseraceae,46.3,20140414
T02,18,tento,Ormosia grossa,Fabaceae,50.1,20140414
T02,20,guajara branco,Pouteria sp.,Sapotaceae,55.7,20140414
T02,22,casca seca,Licania canescens,Chrysobalanaceae,38,20140414
T02,23,muirapiranga,Brosimum rubescens,Moraceae,76.5,20140414
T02,24,abiurana,Pouteria gongrijpii,Sapotaceae,55.3,20140414
T02,29,piquia,Caryocar villosum,Caryocaraceae,88.3,20140414
T02,33,mapatirana,Pourouma villosa,Urticaceae,59.1,20140414
T02,35,abiurana,Pouteria gongrijpii,Sapotaceae,47.7,20140414
T02,41,coco-pau,Couepia robusta,Chrysobalanaceae,49.7,20140414
T02,42,matamata,Eschweilera amazonica,Lecythidaceae,36,20140414
T02,47,fava,Parkia sp.,Fabaceae,44,20140414
T02,51,morta,NA,NA,58.9,20140414
T02,52,parajuba,Manilkara bidentata,Sapotaceae,40.6,20140414
T02,55,amapa amargoso,Brosimum guianense,Moraceae,51.2,20140414
T02,66,abiu cutite,NA,NA,42.5,20140414
T02,75,breu branco,Protium paniculatum,Burseraceae,54.6,20140414
T02,77,macucu,Licania guianensis,Chrysobalanaceae,37.8,20140414
T02,79,abiu cutite,NA,NA,48,20140414
T02,84,fava-core,Parkia nitida,Fabaceae,89.2,20140414
T02,87,abiurana,Pouteria gongrijpii,Sapotaceae,46.7,20140414
T02,90,coquirana,Chrysophyllum sanguinolentum,Sapotaceae,41.9,20140414
T02,92,casca seca,Licania canescens,Chrysobalanaceae,37.2,20140414
T02,94,guajara branco,Pouteria sp.,Sapotaceae,51,20140414
T02,98,cupiuba,Goupia glabra,Goupiaceae,65,20140414
T02,102,sucupira,Diplotropis sp.,Fabaceae,51.3,20140414
T02,110,abiu cutite,NA,NA,59.1,20140414
T02,113,fava vermelha,Stryphnodendron pulcherrimum,Fabaceae,66,20140414
T02,116,macucu,Licania guianensis,Chrysobalanaceae,38,20140414
T02,117,morta,NA,NA,41.3,20140414
T02,120,pintadinho,Poeppigia procera,Fabaceae,38.2,20140414
T02,122,casca seca,Licania canescens,Chrysobalanaceae,38.2,20140414
T02,125,freijo branco,Cordia scabrifolia,Boraginaceae,41.2,20140414
T02,127,morta,NA,NA,40.7,20140414
T02,128,matamata,Eschweilera amazonica,Lecythidaceae,46,20140414
T02,130,matamata vermelho,Eschweilera coriacea,Lecythidaceae,57.1,20140414
T02,136,tachi preto,Tachigali myrmecophila,Fabaceae,51.1,20140414
T02,137,joao-mole,Neea oppositifolia,Nyctaginaceae,52,20140414
T02,143,louro vermelho,Sextonia rubra,Lauraceae,80,20140414
T02,151,araracanga,Aspidosperma spruceanum,Apocynaceae,55.5,20140414
T02,152,embauba,Cecropia ficifolia,Urticaceae,44,20140414
T02,153,guajara-bolacha,Pouteria oppositifolia,Sapotaceae,50,20140414
T02,154,embauba,Cecropia ficifolia,Urticaceae,41.9,20140414
T02,155,matamata preto,Eschweilera ovata,Lecythidaceae,38.1,20140414
T02,156,pau-jacare,Laetia procera,Salicaceae,54.6,20140414
T02,157,tachi preto,Tachigali myrmecophila,Fabaceae,75,20140414
T02,158,casca seca,Licania canescens,Chrysobalanaceae,48.6,20140414
T02,159,guajara branco,Pouteria sp.,Sapotaceae,54.5,20140414
T02,160,macaranduba,Manilkara huberi,Sapotaceae,36.5,20140414
T02,161,casca seca,Licania canescens,Chrysobalanaceae,48.9,20140414
T02,162,casca seca,Licania canescens,Chrysobalanaceae,46.3,20140414
T02,163,morta,NA,NA,53,20140414
T02,164,morta,NA,NA,46.3,20140414
T02,165,macaranduba,Manilkara huberi,Sapotaceae,54.5,20140414
T02,166,morta,NA,NA,46,20140414
T02,167,morta,NA,NA,57.6,20140414
T02,168,fava-saboeiro,Abarema cochleata,Fabaceae,53,20140414
T02,169,roxinho,Peltogyne lecointei,Fabaceae,38.7,20140414
T02,170,embauba,Cecropia ficifolia,Urticaceae,43.9,20140414
T02,171,matamata branco,Eschweilera coriacea,Lecythidaceae,58.8,20140414
T02,172,pintadinho,Poeppigia procera,Fabaceae,44.7,20140414
T02,173,matamata branco,Eschweilera coriacea,Lecythidaceae,40.3,20140414
T02,174,abiurana,Pouteria gongrijpii,Sapotaceae,49.5,20140414
T02,176,morta,NA,NA,50,20140414
T02,177,pintadinho,Poeppigia procera,Fabaceae,48,20140414
T02,178,uxirana,Sacoglottis guianensis,Humiriaceae,37.8,20140414
T02,179,copaiba,Copaifera reticulata,Fabaceae,81.9,20140414
T02,180,matamata preto,Eschweilera ovata,Lecythidaceae,42,20140414
T02,181,macucu,Licania guianensis,Chrysobalanaceae,53.5,20140414
T02,182,casca seca,Licania canescens,Chrysobalanaceae,45.1,20140414
T02,183,morta,NA,NA,35.9,20140414
T02,184,abiurana casca fina,Pouteria retinervis,Sapotaceae,42.5,20140414
T02,185,capueiro,Rinorea guianensis,Violaceae,36.9,20140414
T02,186,abiurana,Pouteria gongrijpii,Sapotaceae,53,20140414
T02,187,matamata branco,Eschweilera coriacea,Lecythidaceae,36.7,20140414
T02,188,louro canelado,Ocotea canaliculata,Lauraceae,56.8,20140414
T03,2,caramuxi,Pouteria hispida,Sapotaceae,50.6,20140414
T03,3,parajuba,Manilkara bidentata,Sapotaceae,50.5,20140414
T03,26,matamata,Eschweilera parviflora,Lecythidaceae,60.8,20140414
T03,31,tachi,Tachigali myrmecophila,Fabaceae,63,20140414
T03,35,tachi,Tachigali myrmecophila,Fabaceae,48.8,20140414
T03,42,matamata,Eschweilera parviflora,Lecythidaceae,70,20140414
T03,49,morta,NA,NA,35.9,20140414
T03,56,guajara branco,Pouteria sp.,Sapotaceae,49.1,20140414
T03,57,pau amarelo,Euxylophora paraensis,Rutaceae,68.6,20140414
T03,59,pau amarelo,Euxylophora paraensis,Rutaceae,102,20140414
T03,68,seringueira,Hevea brasiliensis,Euphorbiaceae,40.5,20140414
T03,72,envira,Xylopia sp.,Annonaceae,62.1,20140414
T03,76,louro vermelho,Sextonia rubra,Lauraceae,61.6,20140414
T03,85,inhare,Helicostylis sp.,Moraceae,63.8,20140414
T03,87,macaranduba,Manilkara huberi,Sapotaceae,67,20140414
T03,91,louro preto,Ocotea cernua,Lauraceae,41.2,20140414
T03,95,morta,NA,NA,36,20140414
T03,97,breu branco,Protium paniculatum,Burseraceae,44,20140414
T03,98,matamata,Eschweilera amazonica,Lecythidaceae,45.7,20140414
T03,102,abiurana,Pouteria gongrijpii,Sapotaceae,47.4,20140414
T03,103,pau amarelo,Euxylophora paraensis,Rutaceae,121.5,20140414
T03,107,timborana,Pseudopiptadenia suaveolens,Fabaceae,65,20140414
T03,109,macaranduba,Manilkara huberi,Sapotaceae,83.1,20140414
T03,111,parajuba,Manilkara bidentata,Sapotaceae,72.1,20140414
T03,116,taperebarana,Spondias sp.,Anacardiaceae,68.9,20140414
T03,119,parajuba,Manilkara bidentata,Sapotaceae,80,20140414
T03,120,breu vermelho,Protium hebetatum,Burseraceae,37.7,20140414
T03,143,caramuxi,Pouteria hispida,Sapotaceae,37.5,20140414
T03,146,uxirana,Sacoglottis guianensis,Humiriaceae,46,20140414
T03,148,copaiba,Copaifera reticulata,Fabaceae,70.3,20140414
T03,156,abiurana,Pouteria gongrijpii,Sapotaceae,64,20140414
T03,157,morta,NA,NA,49.8,20140414
T03,161,fava-atana,Parkia gigantocarpa,Fabaceae,97,20140414
T03,169,inhare,Helicostylis sp.,Moraceae,52,20140414
T03,170,inga,Inga marginata,Fabaceae,38.6,20140414
T03,171,mapatirana,Pourouma villosa,Urticaceae,42,20140414
T03,172,breu vermelho,Protium hebetatum,Burseraceae,38.2,20140414
T03,173,jatereu,Lecythis idatimon,Lecythidaceae,37.5,20140414
T03,174,iperana,Eperua bijuga,Fabaceae,36.7,20140414
T03,175,iperana,Eperua bijuga,Fabaceae,36.7,20140414
T03,177,matamata preto,Eschweilera ovata,Lecythidaceae,46.3,20140414
T03,178,breu vermelho,Protium hebetatum,Burseraceae,49.5,20140414
T03,179,pente-de-macaco,Apeiba petoumo,Malvaceae,42.5,20140414
T03,180,mapatirana,Pourouma minor,Urticaceae,42.5,20140414
T03,181,barrote,Tetragastris altissima,Burseraceae,54,20140414
T03,182,matamata preto,Eschweilera ovata,Lecythidaceae,53,20140414
T03,183,abiurana,Pouteria gongrijpii,Sapotaceae,45.7,20140414
T03,184,abiurana,Pouteria gongrijpii,Sapotaceae,45.5,20140414
T03,185,tauari,Couratari stellata,Lecythidaceae,51,20140414
T03,186,axixa,Sterculia pruriens,Malvaceae,46.8,20140414
T03,187,matamata branco,Eschweilera coriacea,Lecythidaceae,46.7,20140414
T04,4,andirobarana,Guarea guidonia,Meliaceae,35.5,20140414
T04,12,piquiarana,Caryocar glabrum,Caryocaraceae,54.9,20140414
T04,13,angelim vermelho,Dinizia excelsa,Fabaceae,200,20140414
T04,30,morta,NA,NA,51.1,20140414
T04,35,anani,Symphonia globulifera,Clusiaceae,40.9,20140414
T04,42,muirapiranga,Brosimum rubescens,Moraceae,55.6,20140414
T04,44,louro preto,Nectandra cuspidata,Lauraceae,66,20140414
T04,47,cajuacu,Anacardium spruceanum,Anacardiaceae,74.2,20140414
T04,56,abiurana,Pouteria gongrijpii,Sapotaceae,38.5,20140414
T04,58,uxirana,Sacoglottis guianensis,Humiriaceae,51,20140414
T04,60,tachi vermelho,Tachigali paniculata,Fabaceae,67,20140414
T04,62,casca seca,Licania canescens,Chrysobalanaceae,41.3,20140414
T04,63,matamata,Eschweilera parviflora,Lecythidaceae,44,20140414
T04,67,guajara-bolacha,Pouteria oppositifolia,Sapotaceae,80,20140414
T04,69,caramuxi,Pouteria hispida,Sapotaceae,46.2,20140414
T04,71,barrote,Tetragastris altissima,Burseraceae,52,20140414
T04,74,iperana,Eperua bijuga,Fabaceae,48.2,20140414
T04,75,abiurana,Pouteria gongrijpii,Sapotaceae,39.9,20140414
T04,79,jatereu,Lecythis idatimon,Lecythidaceae,37.4,20140414
T04,83,matamata preto,Eschweilera ovata,Lecythidaceae,50.5,20140414
T04,87,matamata branco,Eschweilera coriacea,Lecythidaceae,39,20140414
T04,89,seringarana,Micrandra minor,Euphorbiaceae,57.7,20140414
T04,94,matamata branco,Eschweilera coriacea,Lecythidaceae,60.9,20140414
T04,96,copaiba,Copaifera reticulata,Fabaceae,48.4,20140414
T04,99,barrote,Tetragastris altissima,Burseraceae,46,20140414
T04,100,jatereu,Lecythis idatimon,Lecythidaceae,74,20140414
T04,102,breu vermelho,Protium hebetatum,Burseraceae,47.7,20140414
T04,108,abiurana,Pouteria gongrijpii,Sapotaceae,51.6,20140414
T04,111,tachi preto,Tachigali myrmecophila,Fabaceae,60,20140414
T04,117,fava vermelha,Stryphnodendron pulcherrimum,Fabaceae,41.1,20140414
T04,118,seringarana,Micrandra minor,Euphorbiaceae,56.9,20140414
T04,124,morta,NA,NA,50,20140414
T04,125,abiurana,Pouteria gongrijpii,Sapotaceae,39,20140414
T04,127,pau santo,Zollernia paraensis,Fabaceae,69,20140414
T04,128,fava-bolacha,Vatairea guianensis,Fabaceae,60,20140414
T04,137,pintadinho,Poeppigia procera,Fabaceae,39.2,20140414
T04,138,barrote,Tetragastris altissima,Burseraceae,60.9,20140414
T04,143,matamata preto,Eschweilera ovata,Lecythidaceae,42.8,20140414
T04,146,morta,NA,NA,46.8,20140414
T04,147,morta,NA,NA,36.5,20140414
T04,148,macaranduba,Manilkara huberi,Sapotaceae,37.2,20140414
T04,149,ucurana,Sloanea guianensis,Elaeocarpaceae,43,20140414
T04,150,uxi,Endopleura uchi,Humiriaceae,60.5,20140414
T04,151,abiurana,Pouteria gongrijpii,Sapotaceae,55.1,20140414
T04,152,timborana,Pseudopiptadenia suaveolens,Fabaceae,40,20140414
T04,153,matamata branco,Eschweilera coriacea,Lecythidaceae,45.3,20140414
T04,154,abiurana,Pouteria gongrijpii,Sapotaceae,46.1,20140414
T04,155,ucuuba,Virola michelii,Myristicaceae,41.7,20140414
T04,156,maracatiara,Astronium graveolens,Anacardiaceae,68.1,20140414
T04,157,macaranduba,Manilkara huberi,Sapotaceae,38.6,20140414
T04,159,muiratinga,Maquira coriacea,Moraceae,40.2,20140414
T04,160,breu vermelho,Protium hebetatum,Burseraceae,43.3,20140414
T04,161,breu barrote,Tetragastris panamensis,Burseraceae,49.2,20140414
T04,162,jatereu,Lecythis idatimon,Lecythidaceae,36.9,20140414
T04,163,morta,NA,NA,39.5,20140414
T04,165,cupiuba,Goupia glabra,Goupiaceae,42.5,20140414
T04,166,iperana,Eperua bijuga,Fabaceae,44.8,20140414
T04,167,morta,NA,NA,35.4,20140414
T04,168,caramuxi,Pouteria hispida,Sapotaceae,46,20140414
T04,169,caramuxi,Pouteria hispida,Sapotaceae,38.2,20140414
T04,170,morta,NA,NA,38.1,20140414
T04,171,matamata branco,Eschweilera coriacea,Lecythidaceae,44.4,20140414
T04,172,iperana,Eperua bijuga,Fabaceae,42.4,20140414
T04,173,louro preto,Nectandra cuspidata,Lauraceae,47.7,20140414
T04,174,abiurana,Pouteria gongrijpii,Sapotaceae,39.8,20140414
T04,175,casca seca,Licania canescens,Chrysobalanaceae,43.6,20140414
T04,176,guajara-bolacha,Pouteria oppositifolia,Sapotaceae,51.5,20140414
T04,177,abiurana,Pouteria gongrijpii,Sapotaceae,54.6,20140414
T04,178,casca seca,Licania canescens,Chrysobalanaceae,47.2,20140414
T05,5,freijo branco,Cordia scabrifolia,Boraginaceae,36.4,20140218
T05,6,ucuuba,Virola michelii,Myristicaceae,47.7,20140218
T05,10,tachirana,Stryphnodendron paniculatum,Fabaceae,86.6,20140218
T05,29,guajara branco,Pouteria sp.,Sapotaceae,44.7,20140218
T05,36,morta,NA,NA,77.8,20140218
T05,38,morta,NA,NA,38,20140218
T05,49,breu barrote,Tetragastris panamensis,Burseraceae,45.4,20140218
T05,56,barrote,Tetragastris altissima,Burseraceae,46.1,20140218
T05,66,macaranduba,Manilkara huberi,Sapotaceae,87.8,20140218
T05,75,abiurana,Pouteria gongrijpii,Sapotaceae,63,20140218
T05,76,inga,Inga marginata,Fabaceae,38,20140218
T05,81,jatereu,Lecythis idatimon,Lecythidaceae,39.9,20140218
T05,83,abiurana,Pouteria gongrijpii,Sapotaceae,69.8,20140218
T05,96,morta,NA,NA,80.6,20140218
T05,99,timborana,Pseudopiptadenia suaveolens,Fabaceae,40.5,20140218
T05,113,acoita-cavalo,Luehea speciosa,Malvaceae,52,20140218
T05,114,caramuxi,Pouteria hispida,Sapotaceae,51,20140218
T05,124,goiabao,Pradosia cochlearia,Sapotaceae,65.4,20140218
T05,128,guajara-mirim,Pouteria sp.,Sapotaceae,64.6,20140218
T05,129,morta,NA,NA,46,20140218
T05,134,maracatiara,Astronium graveolens,Anacardiaceae,111,20140218
T05,137,morta,NA,NA,45.8,20140218
T05,151,louro preto,Nectandra cuspidata,Lauraceae,44.3,20140218
T05,153,abiurana,Pouteria gongrijpii,Sapotaceae,68,20140218
T05,160,barrote,Tetragastris altissima,Burseraceae,55.7,20140218
T05,165,barrote,Tetragastris altissima,Burseraceae,57.2,20140218
T05,169,seringueira,Hevea brasiliensis,Euphorbiaceae,43.9,20140218
T05,170,jarana,Lecythis lurida,Lecythidaceae,38.9,20140218
T05,172,macaranduba,Manilkara huberi,Sapotaceae,37.8,20140218
T05,173,breu barrote,Tetragastris panamensis,Burseraceae,55,20140218
T05,174,breu barrote,Tetragastris panamensis,Burseraceae,52.7,20140218
T05,175,matamata branco,Eschweilera coriacea,Lecythidaceae,41.7,20140218
T05,176,matamata preto,Eschweilera ovata,Lecythidaceae,39.3,20140218
T05,177,abiurana,Pouteria gongrijpii,Sapotaceae,55,20140218
T05,178,embauba toren,Cecropia engleriana,Urticaceae,49.5,20140218
T05,179,fava-saboeiro,Abarema jupunba,Fabaceae,58.5,20140218
T05,180,pau-de-remo,Chimarrhis turbinata,Rubiaceae,43.5,20140218
T05,181,inga branco,Inga thibaudiana,Fabaceae,36.2,20140218
T05,182,abiurana,Pouteria gongrijpii,Sapotaceae,43,20140218
T05,183,castanha-sapucaia,Lecythis pisonis,Lecythidaceae,70.8,20140218
T05,184,jarana,Lecythis lurida,Lecythidaceae,43.2,20140218
T05,185,axixa,Sterculia pruriens,Malvaceae,39.3,20140218
T05,186,matamata branco,Eschweilera coriacea,Lecythidaceae,42.5,20140218
T05,188,abiu cramuri,NA,NA,36.7,20140218
T05,189,matamata preto,Eschweilera ovata,Lecythidaceae,41.6,20140218
T05,190,matamata preto,Eschweilera ovata,Lecythidaceae,37.7,20140218
T05,191,araracanga,Aspidosperma spruceanum,Apocynaceae,35.8,20140218
T05,192,jatereu,Lecythis idatimon,Lecythidaceae,36.2,20140218
T05,193,pau-de-macaco,Apeiba membranacea,Malvaceae,41.7,20140218
T05,194,maracatiara,Astronium graveolens,Anacardiaceae,42,20140218
T05,195,pau-de-macaco,Apeiba membranacea,Malvaceae,35.8,20140218
T05,196,breu vermelho,Protium hebetatum,Burseraceae,59.5,20140218
T05,197,matamata branco,Eschweilera coriacea,Lecythidaceae,47.5,20140218
T05,198,matamata preto,Eschweilera ovata,Lecythidaceae,36,20140218
T05,200,morta,NA,NA,38,20140218
T06,3,parajuba,Manilkara bidentata,Sapotaceae,44.2,20140224
T06,7,jutai,Hymenaea parvifolia,Fabaceae,59.8,20140224
T06,8,tauari,Couratari stellata,Lecythidaceae,70,20140224
T06,12,abiurana,Pouteria gongrijpii,Sapotaceae,49.4,20140224
T06,13,iperana,Eperua bijuga,Fabaceae,35.9,20140224
T06,15,matamata,Eschweilera parviflora,Lecythidaceae,60.8,20140224
T06,17,matamata,Eschweilera parviflora,Lecythidaceae,67.3,20140224
T06,23,matamata,Eschweilera amazonica,Lecythidaceae,50.4,20140224
T06,25,matamata,Eschweilera parviflora,Lecythidaceae,36.9,20140224
T06,26,matamata,Eschweilera parviflora,Lecythidaceae,52,20140224
T06,28,matamata,Eschweilera parviflora,Lecythidaceae,47.9,20140224
T06,33,parajuba,Manilkara bidentata,Sapotaceae,109.7,20140224
T06,35,barrote,Tetragastris altissima,Burseraceae,58.6,20140224
T06,38,ucuuba,Virola michelii,Myristicaceae,38.9,20140224
T06,39,morta,NA,NA,40,20140224
T06,44,abiurana,Pouteria gongrijpii,Sapotaceae,35.1,20140224
T06,49,abiurana,Pouteria gongrijpii,Sapotaceae,38.9,20140224
T06,50,tachirana,Stryphnodendron paniculatum,Fabaceae,51.4,20140224
T06,56,guajara,Pouteria sp.,Sapotaceae,67.4,20140224
T06,59,louro preto,Ocotea cernua,Lauraceae,50.8,20140224
T06,62,matamata,Eschweilera parviflora,Lecythidaceae,50.7,20140224
T06,65,barrote,Tetragastris altissima,Burseraceae,66.9,20140224
T06,66,barrote,Tetragastris altissima,Burseraceae,52.7,20140224
T06,70,barrote vermelho,Tetragastris sp.,Burseraceae,66.8,20140224
T06,76,guajara,Pouteria sp.,Sapotaceae,42,20140224
T06,90,abiurana,Pouteria gongrijpii,Sapotaceae,55.1,20140224
T06,115,matamata,Eschweilera parviflora,Lecythidaceae,36.8,20140224
T06,121,jarana,Lecythis lurida,Lecythidaceae,86.8,20140224
T06,125,abiurana,Pouteria gongrijpii,Sapotaceae,51,20140224
T06,129,barrote,Tetragastris altissima,Burseraceae,65.6,20140224
T06,136,macaranduba,Manilkara huberi,Sapotaceae,59.2,20140224
T06,142,axixa,Sterculia pruriens,Malvaceae,56.8,20140224
T06,144,jarana,Lecythis lurida,Lecythidaceae,46.3,20140224
T06,146,abiurana,Pouteria gongrijpii,Sapotaceae,75,20140224
T06,147,morta,NA,NA,50.5,20140224
T06,153,goiabao,Pradosia cochlearia,Sapotaceae,40.4,20140224
T06,154,goiabao,Pradosia cochlearia,Sapotaceae,55.1,20140224
T06,156,matamata,Eschweilera amazonica,Lecythidaceae,56,20140224
T06,163,goiabao,Pradosia cochlearia,Sapotaceae,38.8,20140224
T06,165,abiurana,Pouteria gongrijpii,Sapotaceae,36.6,20140224
T06,166,tanibuca,Terminalia amazonia,Combretaceae,46,20140224
T06,167,parajuba,Manilkara bidentata,Sapotaceae,56.5,20140224
T06,168,parajuba,Manilkara bidentata,Sapotaceae,55.6,20140224
T06,169,abiurana casca fina,Pouteria retinervis,Sapotaceae,45,20140224
T06,170,iperana,Eperua bijuga,Fabaceae,36.3,20140224
T06,171,goiabao,Pradosia cochlearia,Sapotaceae,44.7,20140224
T06,172,jutai-mirim,Hymenaea parvifolia,Fabaceae,40.7,20140224
T06,173,jutai-pororoca,Dialium guianense,Fabaceae,42.2,20140224
T06,174,jatoba,Hymenaea courbaril,Fabaceae,48.6,20140224
T06,175,jatereu,Lecythis idatimon,Lecythidaceae,39.6,20140224
T06,176,barrote,Tetragastris altissima,Burseraceae,45.9,20140224
T06,177,seringarana,Micrandra minor,Euphorbiaceae,42.2,20140224
T06,178,abiurana,Pouteria gongrijpii,Sapotaceae,62.2,20140224
T06,179,mato,NA,NA,49.9,20140224
T06,180,iperana,Eperua bijuga,Fabaceae,41.6,20140224
T06,181,abiurana branca,Pouteria guianensis,Sapotaceae,49.9,20140224
T06,182,abiurana,Pouteria gongrijpii,Sapotaceae,38.5,20140224
T06,183,ucuuba,Virola michelii,Myristicaceae,45.2,20140224
T06,184,breu barrote,Tetragastris panamensis,Burseraceae,50,20140224
T06,185,pau-jacare,Laetia procera,Salicaceae,38.9,20140224
T06,186,breu barrote,Tetragastris panamensis,Burseraceae,43.9,20140224
T06,187,fava orelha-de-macaco,Enterolobium schomburgkii,Fabaceae,74.1,20140224
T06,188,tauari,Couratari stellata,Lecythidaceae,62,20140224
T06,189,abiurana,Pouteria gongrijpii,Sapotaceae,60,20140224
T06,190,parajuba,Manilkara bidentata,Sapotaceae,40.7,20140224
T06,191,uxi,Endopleura uchi,Humiriaceae,38,20140224
T07,1,timborana,Pseudopiptadenia suaveolens,Fabaceae,50.3,20140224
T07,2,casca seca,Licania canescens,Chrysobalanaceae,43.1,20140224
T07,5,ucuuba,Virola michelii,Myristicaceae,35.9,20140224
T07,24,carapanauba,Aspidosperma excelsum,Apocynaceae,94.4,20140224
T07,25,uxi,Endopleura uchi,Humiriaceae,75.9,20140224
T07,26,abiurana,Pouteria gongrijpii,Sapotaceae,42.5,20140224
T07,27,louro,Ocotea canaliculata,Lauraceae,44,20140224
T07,34,matamata,Eschweilera amazonica,Lecythidaceae,41.2,20140224
T07,37,matamata,Eschweilera parviflora,Lecythidaceae,38.3,20140224
T07,40,joao-mole,Neea oppositifolia,Nyctaginaceae,55,20140224
T07,42,tachi branco,Tachigali paniculata,Fabaceae,47.3,20140224
T07,51,matamata,Eschweilera amazonica,Lecythidaceae,59.1,20140224
T07,53,uxi,Endopleura uchi,Humiriaceae,92.5,20140224
T07,60,barrote,Tetragastris altissima,Burseraceae,48,20140224
T07,62,ucurana,Sloanea guianensis,Elaeocarpaceae,70.1,20140224
T07,65,uxirana,Sacoglottis guianensis,Humiriaceae,43.4,20140224
T07,67,mapatirana,Pourouma villosa,Urticaceae,40,20140224
T07,72,pau-jacare,Laetia procera,Salicaceae,64.6,20140224
T07,73,caramuxi,Pouteria hispida,Sapotaceae,54.3,20140224
T07,75,matamata,Eschweilera parviflora,Lecythidaceae,49.3,20140224
T07,76,macaranduba,Manilkara huberi,Sapotaceae,84.7,20140224
T07,77,piquia,Caryocar villosum,Caryocaraceae,150.7,20140224
T07,92,matamata,Eschweilera amazonica,Lecythidaceae,50.7,20140224
T07,94,inga,Inga marginata,Fabaceae,81,20140224
T07,96,abiurana,Pouteria gongrijpii,Sapotaceae,36,20140224
T07,106,jatereu,Lecythis idatimon,Lecythidaceae,47.5,20140224
T07,107,guajara,Pouteria sp.,Sapotaceae,60,20140224
T07,109,merauba,Mouriri collocarpa,Melastomataceae,41.6,20140224
T07,113,muiratinga,Maquira coriacea,Moraceae,44.3,20140224
T07,115,carapanauba,Aspidosperma excelsum,Apocynaceae,91,20140224
T07,119,casca seca,Licania canescens,Chrysobalanaceae,62.4,20140224
T07,121,anani,Symphonia globulifera,Clusiaceae,46.3,20140224
T07,122,macaranduba,Manilkara huberi,Sapotaceae,88.5,20140224
T07,125,inga,Inga marginata,Fabaceae,46.7,20140224
T07,126,angelim amarelo,Hymenolobium heterocarpum,Fabaceae,55,20140224
T07,142,parajuba,Manilkara bidentata,Sapotaceae,57.5,20140224
T07,148,matamata,Eschweilera amazonica,Lecythidaceae,57.5,20140224
T07,151,abiurana,Pouteria gongrijpii,Sapotaceae,36.6,20140224
T07,153,copaiba,Copaifera reticulata,Fabaceae,43.2,20140224
T07,154,casca seca,Licania canescens,Chrysobalanaceae,48,20140224
T07,155,macucu,Licania guianensis,Chrysobalanaceae,42.2,20140224
T07,156,guajara-bolacha,Pouteria oppositifolia,Sapotaceae,39.5,20140224
T07,158,abiurana branca,Pouteria guianensis,Sapotaceae,36,20140224
T07,159,jatereu,Lecythis idatimon,Lecythidaceae,43.1,20140224
T07,162,manguerana,Tovomita sp.,Clusiaceae,40.1,20140224
T07,163,matamata branco,Eschweilera coriacea,Lecythidaceae,50.1,20140224
T07,164,caramuxi,Pouteria hispida,Sapotaceae,46,20140224
T07,165,pau-jacare,Laetia procera,Salicaceae,46,20140224
T07,166,jatereu,Lecythis idatimon,Lecythidaceae,42.2,20140224
T07,167,jaranucu,Lecythis sp.,Lecythidaceae,38.7,20140224
T07,168,parajuba,Manilkara bidentata,Sapotaceae,57.7,20140224
T07,169,caramuxi,Pouteria hispida,Sapotaceae,43.9,20140224
T07,171,matamata preto,Eschweilera ovata,Lecythidaceae,44.9,20140224
T07,173,jutai-mirim,Hymenaea parvifolia,Fabaceae,60.9,20140224
T07,175,abiurana casca fina,Pouteria retinervis,Sapotaceae,39,20140224
T07,177,envira-cana,Xylopia nitida,Annonaceae,42.6,20140224
T07,178,matamata branco,Eschweilera coriacea,Lecythidaceae,45.5,20140224
T07,181,roxinho,Peltogyne lecointei,Fabaceae,52,20140224
T07,182,matamata branco,Eschweilera coriacea,Lecythidaceae,42.3,20140224
T07,184,matamata branco,Eschweilera coriacea,Lecythidaceae,46,20140224
T07,185,caqui,Diospyros guianensis,Ebenaceae,37.5,20140224
T08,5,freijo branco,Cordia scabrifolia,Boraginaceae,35.9,20140224
T08,13,tachi preto,Tachigali myrmecophila,Fabaceae,58,20140224
T08,17,caramuxi,Pouteria hispida,Sapotaceae,42.3,20140224
T08,18,matamata,Eschweilera parviflora,Lecythidaceae,61.3,20140224
T08,21,goiabao,Pradosia cochlearia,Sapotaceae,58.4,20140224
T08,24,guajara,Pouteria sp.,Sapotaceae,58,20140224
T08,25,abiurana,Pouteria gongrijpii,Sapotaceae,50.1,20140224
T08,26,macaranduba,Manilkara huberi,Sapotaceae,53.4,20140224
T08,31,angelim vermelho,Dinizia excelsa,Fabaceae,151,20140224
T08,40,fava orelha-de-macaco,Enterolobium schomburgkii,Fabaceae,55,20140224
T08,46,matamata,Eschweilera amazonica,Lecythidaceae,35.7,20140224
T08,63,matamata,Eschweilera parviflora,Lecythidaceae,41.9,20140224
T08,71,jarana,Lecythis lurida,Lecythidaceae,84.9,20140224
T08,72,seringueira,Hevea brasiliensis,Euphorbiaceae,77.2,20140224
T08,73,abiurana,Pouteria gongrijpii,Sapotaceae,61.3,20140224
T08,75,envira-cana,Xylopia nitida,Annonaceae,44.7,20140224
T08,77,matamata,Eschweilera amazonica,Lecythidaceae,59.3,20140224
T08,80,matamata,Eschweilera amazonica,Lecythidaceae,40,20140224
T08,83,morta,NA,NA,51,20140224
T08,86,abiurana,Pouteria gongrijpii,Sapotaceae,55,20140224
T08,90,uxi,Endopleura uchi,Humiriaceae,54.2,20140224
T08,94,andirobarana,Guarea guidonia,Meliaceae,39.4,20140224
T08,96,abiurana,Pouteria gongrijpii,Sapotaceae,55,20140224
T08,97,inhare,Helicostylis sp.,Moraceae,43.9,20140224
T08,107,breu branco,Protium paniculatum,Burseraceae,38.4,20140224
T08,112,barrote,Tetragastris altissima,Burseraceae,49.6,20140224
T08,114,abiu cutite,NA,NA,50.8,20140224
T08,117,escorrega-macaco,Capirona decorticans,Rubiaceae,83.8,20140224
T08,120,tachi,Tachigali myrmecophila,Fabaceae,61,20140224
T08,124,matamata,Eschweilera amazonica,Lecythidaceae,36.8,20140224
T08,126,cupiuba,Goupia glabra,Goupiaceae,63.2,20140224
T08,133,abiurana,Pouteria gongrijpii,Sapotaceae,51.7,20140224
T08,134,seringarana,Micrandra minor,Euphorbiaceae,69.1,20140224
T08,139,matamata,Eschweilera parviflora,Lecythidaceae,35.9,20140224
T08,140,matamata,Eschweilera amazonica,Lecythidaceae,48.8,20140224
T08,141,matamata,Eschweilera amazonica,Lecythidaceae,51.6,20140224
T08,145,matamata,Eschweilera amazonica,Lecythidaceae,38.3,20140224
T08,147,ingarana,Inga sp.,Fabaceae,41,20140224
T08,150,tachi,Tachigali myrmecophila,Fabaceae,93.6,20140224
T08,153,matamata,Eschweilera parviflora,Lecythidaceae,58.1,20140224
T08,156,tachirana,Stryphnodendron paniculatum,Fabaceae,84.9,20140224
T08,158,matamata,Eschweilera amazonica,Lecythidaceae,54.6,20140224
T08,167,tachi preto,Tachigali myrmecophila,Fabaceae,100.3,20140224
T08,183,jatoba,Hymenaea courbaril,Fabaceae,51.9,20140224
T08,184,matamata branco,Eschweilera coriacea,Lecythidaceae,47.2,20140224
T08,185,mapatirana,Pourouma villosa,Urticaceae,54.2,20140224
T08,186,envira preta,Guatteria schomburgkiana,Annonaceae,39.6,20140224
T08,187,macucu-de-sangue,Licania heteromorpha,Chrysobalanaceae,47.8,20140224
T08,188,abiurana,Pouteria gongrijpii,Sapotaceae,54,20140224
T08,189,guajara-bolacha,Pouteria oppositifolia,Sapotaceae,63.5,20140224
T08,190,ucuuba,Virola michelii,Myristicaceae,43.9,20140224
T08,191,uxi,Endopleura uchi,Humiriaceae,67.5,20140224
T08,193,abiurana casca fina,Pouteria retinervis,Sapotaceae,35.8,20140224
T08,194,breu barrote,Tetragastris panamensis,Burseraceae,45.8,20140224
T08,195,abiurana casca fina,Pouteria retinervis,Sapotaceae,37.3,20140224
T08,196,macaranduba,Manilkara huberi,Sapotaceae,55.5,20140224
T08,197,matamata branco,Eschweilera coriacea,Lecythidaceae,59.3,20140224
T08,198,matamata preto,Eschweilera ovata,Lecythidaceae,53.3,20140224
T08,199,ucurana,Sloanea guianensis,Elaeocarpaceae,54,20140224
T08,200,matamata branco,Eschweilera coriacea,Lecythidaceae,38.2,20140224
T08,201,tachi preto,Tachigali myrmecophila,Fabaceae,46.2,20140224
T08,202,caramuxi,Pouteria hispida,Sapotaceae,40.9,20140224
T08,204,breu barrote,Tetragastris panamensis,Burseraceae,38.4,20140224
T09,4,barrote,Tetragastris altissima,Burseraceae,43,20140226
T09,6,abiurana,Pouteria gongrijpii,Sapotaceae,48,20140226
T09,7,morta,NA,NA,48.6,20140226
T09,8,breu vermelho,Protium hebetatum,Burseraceae,63.6,20140226
T09,10,tento,Ormosia coccinea,Fabaceae,57,20140226
T09,13,abiurana,Pouteria gongrijpii,Sapotaceae,75,20140226
T09,14,iperana,Eperua bijuga,Fabaceae,51.3,20140226
T09,15,uxirana,Sacoglottis guianensis,Humiriaceae,52.8,20140226
T09,23,matamata,Eschweilera parviflora,Lecythidaceae,36.3,20140226
T09,25,morta,NA,NA,41.89,20140226
T09,26,abiurana,Pouteria gongrijpii,Sapotaceae,51.7,20140226
T09,30,abiurana,Pouteria gongrijpii,Sapotaceae,35.9,20140226
T09,31,jarana,Lecythis lurida,Lecythidaceae,93,20140226
T09,32,abiurana,Pouteria gongrijpii,Sapotaceae,44.9,20140226
T09,34,barrote,Tetragastris altissima,Burseraceae,59.9,20140226
T09,37,matamata,Eschweilera parviflora,Lecythidaceae,45.6,20140226
T09,40,abiu cutite,NA,NA,58.6,20140226
T09,41,abiurana,Pouteria gongrijpii,Sapotaceae,99,20140226
T09,44,castanha-sapucaia,Lecythis pisonis,Lecythidaceae,109.8,20140226
T09,49,caramuxi,Pouteria hispida,Sapotaceae,51.2,20140226
T09,50,abiu cutite,NA,NA,50.4,20140226
T09,59,murta,Strychnos subcordata,Loganiaceae,41,20140226
T09,60,itauba,Mezilaurus itauba,Lauraceae,85,20140226
T09,62,seringueira,Hevea brasiliensis,Euphorbiaceae,54.7,20140226
T09,63,abiurana,Pouteria gongrijpii,Sapotaceae,85.8,20140226
T09,65,uxirana,Sacoglottis guianensis,Humiriaceae,44.9,20140226
T09,66,abiurana,Pouteria gongrijpii,Sapotaceae,68.9,20140226
T09,68,abiurana,Pouteria gongrijpii,Sapotaceae,49.6,20140226
T09,69,macaranduba,Manilkara huberi,Sapotaceae,79,20140226
T09,73,coco-pau,Couepia robusta,Chrysobalanaceae,65.2,20140226
T09,77,ingarana,Inga sp.,Fabaceae,38.5,20140226
T09,79,abiurana,Pouteria gongrijpii,Sapotaceae,38.5,20140226
T09,81,morta,NA,NA,44.7,20140226
T09,83,guajara,Pouteria sp.,Sapotaceae,70,20140226
T09,85,uxirana,Sacoglottis guianensis,Humiriaceae,71,20140226
T09,89,guajara,Pouteria sp.,Sapotaceae,55,20140226
T09,92,guajara peludo,Pouteria sp.,Sapotaceae,62,20140226
T09,96,mapatirana,Pourouma villosa,Urticaceae,50.2,20140226
T09,98,caramuxi,Pouteria hispida,Sapotaceae,55,20140226
T09,100,jarana,Lecythis lurida,Lecythidaceae,41.6,20140226
T09,101,mato,NA,NA,147,20140226
T09,105,matamata,Eschweilera amazonica,Lecythidaceae,57.1,20140226
T09,109,barrote,Tetragastris altissima,Burseraceae,51.2,20140226
T09,112,parajuba,Manilkara bidentata,Sapotaceae,51.5,20140226
T09,113,barrote,Tetragastris altissima,Burseraceae,50.7,20140226
T09,114,barrote,Tetragastris altissima,Burseraceae,43.2,20140226
T09,119,seringueira,Hevea brasiliensis,Euphorbiaceae,41,20140226
T09,123,morta,NA,NA,60.5,20140226
T09,125,barrote,Tetragastris altissima,Burseraceae,44.2,20140226
T09,129,abiurana,Pouteria gongrijpii,Sapotaceae,46.2,20140226
T09,133,envira,Xylopia sp.,Annonaceae,72.6,20140226
T09,143,timborana,Pseudopiptadenia suaveolens,Fabaceae,67,20140226
T09,152,caramuxi,Pouteria hispida,Sapotaceae,38.4,20140226
T09,162,morta,NA,NA,43.2,20140226
T09,164,caramuxi,Pouteria hispida,Sapotaceae,65.1,20140226
T10,3,louro preto,Nectandra cuspidata,Lauraceae,49.1,20140324
T10,14,matamata,Eschweilera amazonica,Lecythidaceae,45.9,20140324
T10,20,pau-jacare,Laetia procera,Salicaceae,71.6,20140324
T10,36,jatoba,Hymenaea courbaril,Fabaceae,116.7,20140324
T10,40,maracatiara,Astronium graveolens,Anacardiaceae,53.2,20140324
T10,41,timborana,Pseudopiptadenia suaveolens,Fabaceae,70,20140324
T10,56,ingarana,Inga sp.,Fabaceae,45.6,20140324
T10,57,matamata,Eschweilera amazonica,Lecythidaceae,43.7,20140324
T10,67,iperana,Eperua bijuga,Fabaceae,45.6,20140324
T10,72,jatereu,Lecythis idatimon,Lecythidaceae,47.7,20140324
T10,74,matamata,Eschweilera parviflora,Lecythidaceae,47,20140324
T10,83,macaranduba,Manilkara huberi,Sapotaceae,84.5,20140324
T10,84,louro preto,Ocotea cernua,Lauraceae,51.8,20140324
T10,89,matamata,Eschweilera parviflora,Lecythidaceae,44.7,20140324
T10,90,tachi branco,Tachigali paniculata,Fabaceae,41.3,20140324
T10,91,pau santo,Zollernia paraensis,Fabaceae,74.6,20140324
T10,95,tanibuca,Terminalia amazonia,Combretaceae,63,20140324
T10,98,breu sucuruba,Trattinnickia burserifolia,Burseraceae,44.4,20140324
T10,101,macaranduba,Manilkara huberi,Sapotaceae,45.4,20140324
T10,102,inhare,Helicostylis sp.,Moraceae,38.8,20140324
T10,108,timborana,Pseudopiptadenia suaveolens,Fabaceae,53,20140324
T10,116,pau-jacare,Laetia procera,Salicaceae,47,20140324
T10,127,iperana,Eperua bijuga,Fabaceae,35.6,20140324
T10,130,barrote,Tetragastris altissima,Burseraceae,46.7,20140324
T10,136,goiabao,Pradosia cochlearia,Sapotaceae,61,20140324
T10,141,inhare,Helicostylis sp.,Moraceae,40,20140324
T10,142,pau-jacare,Laetia procera,Salicaceae,42.4,20140324
T10,143,itauba,Mezilaurus itauba,Lauraceae,46.3,20140324
T10,144,matamata preto,Eschweilera ovata,Lecythidaceae,38,20140324
T10,145,matamata branco,Eschweilera coriacea,Lecythidaceae,40.1,20140324
T10,147,piquiarana,Caryocar glabrum,Caryocaraceae,45.4,20140324
T10,148,matamata branco,Eschweilera coriacea,Lecythidaceae,38.4,20140324
T10,149,uxi,Endopleura uchi,Humiriaceae,46.2,20140324
T10,150,seringueira,Hevea brasiliensis,Euphorbiaceae,36.9,20140324
T10,151,parapara,Jacaranda copaia,Bignoniaceae,49.8,20140324
T10,152,jutai-mirim,Hymenaea parvifolia,Fabaceae,37.2,20140324
T10,153,caramuxi,Pouteria hispida,Sapotaceae,44.2,20140324
T10,154,matamata branco,Eschweilera coriacea,Lecythidaceae,42.7,20140324
T10,155,fava amarela,Parkia sp.,Fabaceae,44.5,20140324
T10,156,timborana,Pseudopiptadenia suaveolens,Fabaceae,51.6,20140324
T10,157,inga branco,Inga thibaudiana,Fabaceae,45.2,20140324
T10,158,breu barrote,Tetragastris panamensis,Burseraceae,36.4,20140324
T10,160,uxi,Endopleura uchi,Humiriaceae,44.3,20140324
T10,161,jutai-pororoca,Dialium guianense,Fabaceae,49.4,20140324
T10,162,matamata branco,Eschweilera coriacea,Lecythidaceae,54.8,20140324
T10,163,iperana,Eperua bijuga,Fabaceae,39.5,20140324
T10,164,caqui,Diospyros guianensis,Ebenaceae,47.5,20140324
T10,165,inhare,Helicostylis sp.,Moraceae,49.7,20140324
T10,166,matamata branco,Eschweilera coriacea,Lecythidaceae,45,20140324
T10,167,iperana,Eperua bijuga,Fabaceae,48.2,20140324
T10,168,matamata branco,Eschweilera coriacea,Lecythidaceae,39.9,20140324
T10,169,macaranduba,Manilkara huberi,Sapotaceae,37.9,20140324
T10,170,inga branco,Inga thibaudiana,Fabaceae,47.9,20140324
T10,172,matamata branco,Eschweilera coriacea,Lecythidaceae,38.4,20140324
T11,3,louro,Ocotea canaliculata,Lauraceae,53.7,20140324
T11,6,abiu cutite,NA,NA,40.2,20140324
T11,20,timborana,Pseudopiptadenia suaveolens,Fabaceae,56.2,20140324
T11,33,parajuba,Manilkara bidentata,Sapotaceae,48.8,20140324
T11,34,envira,Xylopia sp.,Annonaceae,35.6,20140324
T11,35,papo-de-mutum,Lacunaria jenmanii,Ochnaceae,83,20140324
T11,38,iperana,Eperua bijuga,Fabaceae,51.5,20140324
T11,52,caramuxi,Pouteria hispida,Sapotaceae,55.3,20140324
T11,53,abiurana,Pouteria gongrijpii,Sapotaceae,64.5,20140324
T11,56,louro-abacate,Ocotea glomerata,Lauraceae,98.3,20140324
T11,61,morta,NA,NA,97,20140324
T11,74,morta,NA,NA,91.4,20140324
T11,76,guajara,Pouteria sp.,Sapotaceae,57,20140324
T11,82,abiu cutite,NA,NA,40.8,20140324
T11,84,iperana,Eperua bijuga,Fabaceae,41.9,20140324
T11,87,tauari,Couratari stellata,Lecythidaceae,61.5,20140324
T11,90,macaranduba,Manilkara huberi,Sapotaceae,36.4,20140324
T11,92,tachi preto,Tachigali myrmecophila,Fabaceae,76.3,20140324
T11,95,ucuuba,Virola michelii,Myristicaceae,47.5,20140324
T11,97,tachi preto,Tachigali myrmecophila,Fabaceae,61,20140324
T11,102,breu barrote,Tetragastris panamensis,Burseraceae,63.3,20140324
T11,110,iperana,Eperua bijuga,Fabaceae,42.4,20140324
T11,112,matamata preto,Eschweilera ovata,Lecythidaceae,39.5,20140324
T11,117,abiurana,Pouteria gongrijpii,Sapotaceae,90.7,20140324
T11,118,uxirana,Sacoglottis guianensis,Humiriaceae,62.6,20140324
T11,120,timborana,Pseudopiptadenia suaveolens,Fabaceae,63.4,20140324
T11,125,muirapiranga,Brosimum rubescens,Moraceae,95.2,20140324
T11,128,parajuba,Manilkara bidentata,Sapotaceae,42.7,20140324
T11,130,angelim vermelho,Dinizia excelsa,Fabaceae,80.7,20140324
T11,136,fava vermelha,Stryphnodendron pulcherrimum,Fabaceae,48.4,20140324
T11,138,matamata branco,Eschweilera coriacea,Lecythidaceae,39.5,20140324
T11,140,seringueira,Hevea brasiliensis,Euphorbiaceae,48.7,20140324
T11,157,ingarana,Inga sp.,Fabaceae,41.3,20140324
T11,158,ingarana,Inga sp.,Fabaceae,35.5,20140324
T11,164,piquiarana,Caryocar glabrum,Caryocaraceae,95,20140324
T11,168,cupiuba,Goupia glabra,Goupiaceae,58.6,20140324
T11,170,matamata preto,Eschweilera ovata,Lecythidaceae,59.5,20140324
T11,171,tachi vermelho,Tachigali paniculata,Fabaceae,43.5,20140324
T11,172,jatereu,Lecythis idatimon,Lecythidaceae,49.7,20140324
T11,173,parajuba,Manilkara bidentata,Sapotaceae,36.5,20140324
T11,174,inga branco,Inga thibaudiana,Fabaceae,45.1,20140324
T11,175,matamata branco,Eschweilera coriacea,Lecythidaceae,39.5,20140324
T11,176,ucuuba,Virola michelii,Myristicaceae,45.7,20140324
T11,177,mapatirana,Pourouma minor,Urticaceae,46.8,20140324
T11,178,jutai-pororoca,Dialium guianense,Fabaceae,41.9,20140324
T11,179,matamata preto,Eschweilera ovata,Lecythidaceae,61.2,20140324
T11,180,abiurana,Pouteria gongrijpii,Sapotaceae,36.3,20140324
T11,181,timborana,Pseudopiptadenia suaveolens,Fabaceae,39.3,20140324
T11,182,breu vermelho,Protium hebetatum,Burseraceae,60,20140324
T11,183,matamata preto,Eschweilera ovata,Lecythidaceae,48.4,20140324
T11,184,caramuxi,Pouteria hispida,Sapotaceae,42.7,20140324
T11,185,morta,NA,NA,38.2,20140324
T11,186,matamata branco,Eschweilera coriacea,Lecythidaceae,36.5,20140324
T11,187,breu barrote,Tetragastris panamensis,Burseraceae,38.3,20140324
T11,188,abiurana,Pouteria gongrijpii,Sapotaceae,37.9,20140324
T11,189,parajuba,Manilkara bidentata,Sapotaceae,57.5,20140324
T11,190,mapatirana,Pourouma villosa,Urticaceae,35,20140324
T11,191,breu barrote,Tetragastris panamensis,Burseraceae,43,20140324
T11,192,breu barrote,Tetragastris panamensis,Burseraceae,41.1,20140324
T11,193,fava-saboeiro,Abarema cochleata,Fabaceae,50.3,20140324
T11,194,matamata branco,Eschweilera coriacea,Lecythidaceae,42.1,20140324
T11,195,iperana,Eperua bijuga,Fabaceae,42.1,20140324
T12,1,jarana,Lecythis lurida,Lecythidaceae,56.4,20140415
T12,4,matamata branco,Eschweilera coriacea,Lecythidaceae,51,20140415
T12,6,matamata branco,Eschweilera coriacea,Lecythidaceae,60.4,20140415
T12,7,casca seca,Licania canescens,Chrysobalanaceae,49.5,20140415
T12,8,matamata branco,Eschweilera coriacea,Lecythidaceae,46.9,20140415
T12,10,anani,Symphonia globulifera,Clusiaceae,54.3,20140415
T12,11,axixa,Sterculia pruriens,Malvaceae,49.9,20140415
T12,16,tauari,Couratari stellata,Lecythidaceae,61,20140415
T12,18,matamata branco,Eschweilera coriacea,Lecythidaceae,43.7,20140415
T12,19,breu barrote,Tetragastris panamensis,Burseraceae,51.4,20140415
T12,22,guajara-bolacha,Pouteria oppositifolia,Sapotaceae,52.4,20140415
T12,23,abiurana,Pouteria gongrijpii,Sapotaceae,45,20140415
T12,26,mato,NA,NA,52.7,20140415
T12,27,matamata branco,Eschweilera coriacea,Lecythidaceae,58.9,20140415
T12,28,casca seca,Licania canescens,Chrysobalanaceae,54.9,20140415
T12,31,caramuxi,Pouteria hispida,Sapotaceae,49.2,20140415
T12,32,uxi,Endopleura uchi,Humiriaceae,39.2,20140415
T12,34,tachi branco,Tachigali paniculata,Fabaceae,61,20140415
T12,37,castanha-sapucaia,Lecythis pisonis,Lecythidaceae,81.5,20140415
T12,41,jarana,Lecythis lurida,Lecythidaceae,88.2,20140415
T12,44,uxirana,Sacoglottis guianensis,Humiriaceae,57.7,20140415
T12,45,abiurana,Pouteria gongrijpii,Sapotaceae,35.9,20140415
T12,46,uxirana,Sacoglottis guianensis,Humiriaceae,41.2,20140415
T12,48,matamata branco,Eschweilera coriacea,Lecythidaceae,36.8,20140415
T12,49,macaranduba,Manilkara huberi,Sapotaceae,39.3,20140415
T12,50,jatereu,Lecythis idatimon,Lecythidaceae,49.5,20140415
T12,51,caramuxi,Pouteria hispida,Sapotaceae,71.2,20140415
T12,52,morta,NA,NA,48.5,20140415
T12,53,matamata branco,Eschweilera coriacea,Lecythidaceae,35.9,20140415
T12,54,matamata branco,Eschweilera coriacea,Lecythidaceae,54.9,20140415
T12,55,parajuba,Manilkara bidentata,Sapotaceae,79.9,20140415
T12,56,morta,NA,NA,54.4,20140415
T12,57,maracatiara,Astronium graveolens,Anacardiaceae,98.9,20140415
T12,59,casca seca,Licania canescens,Chrysobalanaceae,49.4,20140415
T12,60,abiurana,Pouteria gongrijpii,Sapotaceae,41,20140415
T12,63,casca seca,Licania canescens,Chrysobalanaceae,43.9,20140415
T12,65,matamata branco,Eschweilera coriacea,Lecythidaceae,55.2,20140415
T12,66,macucu,Licania guianensis,Chrysobalanaceae,36.9,20140415
T12,69,casca seca,Licania canescens,Chrysobalanaceae,37.3,20140415
T12,70,abiurana,Pouteria gongrijpii,Sapotaceae,100.7,20140415
T12,72,morta,NA,NA,37,20140415
T12,73,matamata branco,Eschweilera coriacea,Lecythidaceae,38,20140415
T12,74,tanibuca,Terminalia amazonia,Combretaceae,58.1,20140415
T12,75,macaranduba,Manilkara huberi,Sapotaceae,44.1,20140415
T12,76,matamata preto,Eschweilera ovata,Lecythidaceae,59,20140415
T12,78,casca seca,Licania canescens,Chrysobalanaceae,37.4,20140415
T12,79,abiurana,Pouteria gongrijpii,Sapotaceae,36.8,20140415
T12,81,sucupira tento,Ormosia nobilis,Fabaceae,47.9,20140415
T12,82,matamata branco,Eschweilera coriacea,Lecythidaceae,36.8,20140415
T12,83,cajuacu,Anacardium spruceanum,Anacardiaceae,68.9,20140415
T12,84,envira-surucucu,Duguetia surinamensis,Annonaceae,35.8,20140415
T12,89,matamata preto,Eschweilera ovata,Lecythidaceae,43,20140415
T12,90,macaranduba,Manilkara huberi,Sapotaceae,66.9,20140415
T12,93,tachi preto,Tachigali myrmecophila,Fabaceae,71,20140415
T12,95,jutai,Hymenaea parvifolia,Fabaceae,37.3,20140415
T12,96,matamata branco,Eschweilera coriacea,Lecythidaceae,46.2,20140415
T12,98,maracatiara,Astronium graveolens,Anacardiaceae,49.8,20140415
T12,101,tachirana,Stryphnodendron paniculatum,Fabaceae,46.8,20140415
T13,1,matamata branco,Eschweilera coriacea,Lecythidaceae,37.2,20140324
T13,2,lacre-da-mata,Vismia floribunda,Hypericaceae,58.7,20140324
T13,3,matamata branco,Eschweilera coriacea,Lecythidaceae,38.7,20140324
T13,5,casca seca,Licania canescens,Chrysobalanaceae,37.8,20140324
T13,8,morta,NA,NA,42,20140324
T13,9,abiu rosadinho,Pouteria reticulata,Sapotaceae,38.3,20140324
T13,11,casca seca,Licania canescens,Chrysobalanaceae,60.8,20140324
T13,13,parajuba,Manilkara bidentata,Sapotaceae,52.4,20140324
T13,14,guajara branco,Pouteria sp.,Sapotaceae,59.8,20140324
T13,15,seringarana,Micrandra minor,Euphorbiaceae,65.8,20140324
T13,16,macucu,Licania guianensis,Chrysobalanaceae,54.1,20140324
T13,17,abiurana branca,Pouteria guianensis,Sapotaceae,45.9,20140324
T13,18,abiurana branca,Pouteria guianensis,Sapotaceae,35.4,20140324
T13,19,jatereu,Lecythis idatimon,Lecythidaceae,37.2,20140324
T13,21,jatereu,Lecythis idatimon,Lecythidaceae,36.3,20140324
T13,23,papuda,NA,NA,48.5,20140324
T13,24,abiurana,Pouteria gongrijpii,Sapotaceae,48.5,20140324
T13,26,abiurana branca,Pouteria guianensis,Sapotaceae,46,20140324
T13,28,guajara peludo,Pouteria sp.,Sapotaceae,52.7,20140324
T13,29,morta,NA,NA,55,20140324
T13,30,fava vermelha,Stryphnodendron pulcherrimum,Fabaceae,66.3,20140324
T13,31,abiurana branca,Pouteria guianensis,Sapotaceae,35.8,20140324
T13,32,matamata branco,Eschweilera coriacea,Lecythidaceae,40.3,20140324
T13,33,casca seca,Licania canescens,Chrysobalanaceae,40,20140324
T13,34,matamata branco,Eschweilera coriacea,Lecythidaceae,45.4,20140324
T13,39,caramuxi,Pouteria hispida,Sapotaceae,48.1,20140324
T13,40,matamata preto,Eschweilera ovata,Lecythidaceae,42.5,20140324
T13,42,matamata branco,Eschweilera coriacea,Lecythidaceae,35.2,20140324
T13,43,casca seca,Licania canescens,Chrysobalanaceae,47.1,20140324
T13,44,macucu,Licania guianensis,Chrysobalanaceae,53.3,20140324
T13,48,matamata branco,Eschweilera coriacea,Lecythidaceae,37,20140324
T13,49,guajara-bolacha,Pouteria oppositifolia,Sapotaceae,47,20140324
T13,51,breu barrote,Tetragastris panamensis,Burseraceae,37.4,20140324
T13,55,matamata preto,Eschweilera ovata,Lecythidaceae,35.8,20140324
T13,56,uxirana,Sacoglottis guianensis,Humiriaceae,48.3,20140324
T13,59,louro vermelho,Sextonia rubra,Lauraceae,80.7,20140324
T13,60,timborana,Pseudopiptadenia suaveolens,Fabaceae,38.7,20140324
T13,61,castanha-sapucaia,Lecythis pisonis,Lecythidaceae,47,20140324
T13,62,abiurana,Pouteria gongrijpii,Sapotaceae,36.9,20140324
T13,63,jatereu,Lecythis idatimon,Lecythidaceae,38,20140324
T13,64,matamata preto,Eschweilera ovata,Lecythidaceae,65,20140324
T13,65,breu barrote,Tetragastris panamensis,Burseraceae,38.4,20140324
T13,66,abiurana,Pouteria gongrijpii,Sapotaceae,38,20140324
T13,67,matamata branco,Eschweilera coriacea,Lecythidaceae,56,20140324
T13,70,macaranduba,Manilkara huberi,Sapotaceae,39,20140324
T13,71,fava-saboeiro,Abarema cochleata,Fabaceae,47.7,20140324
T13,72,jarana,Lecythis lurida,Lecythidaceae,93,20140324
T13,74,abiurana,Pouteria gongrijpii,Sapotaceae,48.6,20140324
T13,76,inhare,Helicostylis sp.,Moraceae,43.8,20140324
T13,77,matamata,Eschweilera amazonica,Lecythidaceae,51,20140324
T13,79,buiucu,Ormosia flava,Fabaceae,67.7,20140324
T13,81,guajara branco,Pouteria sp.,Sapotaceae,45.3,20140324
T13,83,macucu,Licania guianensis,Chrysobalanaceae,37.1,20140324
T13,85,pau doce,Glycydendron amazonicum,Euphorbiaceae,45.4,20140324
T13,86,pintadinho,Poeppigia procera,Fabaceae,38.2,20140324
T13,87,abiurana,Pouteria gongrijpii,Sapotaceae,48,20140324
T13,88,macucu,Licania guianensis,Chrysobalanaceae,39.2,20140324
T13,90,matamata preto,Eschweilera ovata,Lecythidaceae,38.7,20140324
T13,93,piquiarana,Caryocar glabrum,Caryocaraceae,38.8,20140324
T13,94,caramuxi,Pouteria hispida,Sapotaceae,45.1,20140324
T13,95,matamata preto,Eschweilera ovata,Lecythidaceae,38.8,20140324
T13,96,jatereu,Lecythis idatimon,Lecythidaceae,35.4,20140324
T13,102,casca seca,Licania canescens,Chrysobalanaceae,66.9,20140324
T13,103,morta,NA,NA,42.1,20140324
T13,106,fava amargosa,Vataireopsis speciosa,Fabaceae,38.8,20140324
T13,107,matamata branco,Eschweilera coriacea,Lecythidaceae,50.4,20140324
T13,114,matamata branco,Eschweilera coriacea,Lecythidaceae,43,20140324
T13,115,caramuxi,Pouteria hispida,Sapotaceae,55.6,20140324
T13,116,matamata branco,Eschweilera coriacea,Lecythidaceae,37.7,20140324
T13,119,macaranduba,Manilkara huberi,Sapotaceae,40.6,20140324
T13,120,joao-mole,Neea oppositifolia,Nyctaginaceae,49.3,20140324
T13,121,piquiarana,Caryocar glabrum,Caryocaraceae,36.7,20140324
T13,122,jatereu,Lecythis idatimon,Lecythidaceae,41.7,20140324
T13,123,caramuxi,Pouteria hispida,Sapotaceae,43.9,20140324
T13,124,coquirana,Chrysophyllum sanguinolentum,Sapotaceae,36.1,20140324
T13,125,jutai,Hymenaea parvifolia,Fabaceae,43.1,20140324
T13,126,abiurana branca,Pouteria guianensis,Sapotaceae,43.1,20140324
T13,128,pintadinho,Poeppigia procera,Fabaceae,36.9,20140324
T13,130,tachi vermelho,Tachigali paniculata,Fabaceae,73,20140324
T13,131,guajara cinza,Pouteria sp.,Sapotaceae,39,20140324
T13,132,macaranduba,Manilkara huberi,Sapotaceae,53.4,20140324
T13,133,parajuba,Manilkara bidentata,Sapotaceae,48.1,20140324
T14,1,matamata branco,Eschweilera coriacea,Lecythidaceae,59.5,20140425
T14,2,angelim rajado,Zygia racemosa,Fabaceae,50.7,20140425
T14,3,jarana,Lecythis lurida,Lecythidaceae,74,20140425
T14,4,guajara-bolacha,Pouteria oppositifolia,Sapotaceae,70.3,20140425
T14,10,louro preto,Ocotea cernua,Lauraceae,43.7,20140425
T14,14,ingarana,Inga sp.,Fabaceae,49.2,20140425
T14,16,abiurana,Pouteria gongrijpii,Sapotaceae,53.6,20140425
T14,19,matamata branco,Eschweilera coriacea,Lecythidaceae,81,20140425
T14,20,matamata branco,Eschweilera coriacea,Lecythidaceae,44.1,20140425
T14,22,axixa,Sterculia pruriens,Malvaceae,40.6,20140425
T14,26,caramuxi,Pouteria hispida,Sapotaceae,52.6,20140425
T14,30,morta,NA,NA,37.3,20140425
T14,33,abiurana,Pouteria gongrijpii,Sapotaceae,57.5,20140425
T14,34,jatereu,Lecythis idatimon,Lecythidaceae,48.1,20140425
T14,35,jarana,Lecythis lurida,Lecythidaceae,45.7,20140425
T14,39,abiurana,Pouteria gongrijpii,Sapotaceae,38,20140425
T14,40,matamata vermelho,Eschweilera coriacea,Lecythidaceae,40.3,20140425
T14,41,jatereu,Lecythis idatimon,Lecythidaceae,39.1,20140425
T14,46,matamata branco,Eschweilera coriacea,Lecythidaceae,53.4,20140425
T14,47,piquiarana,Caryocar glabrum,Caryocaraceae,79,20140425
T14,48,matamata branco,Eschweilera coriacea,Lecythidaceae,36.1,20140425
T14,49,matamata branco,Eschweilera coriacea,Lecythidaceae,51.5,20140425
T14,53,inga vermelho,Inga alba,Fabaceae,35.8,20140425
T14,56,freijo branco,Cordia scabrifolia,Boraginaceae,41.6,20140425
T14,57,matamata branco,Eschweilera coriacea,Lecythidaceae,43.3,20140425
T14,58,pau santo,Zollernia paraensis,Fabaceae,89.9,20140425
T14,59,fava orelha-de-macaco,Enterolobium schomburgkii,Fabaceae,84.4,20140425
T14,60,mapatirana,Pourouma minor,Urticaceae,41.2,20140425
T14,67,breu barrote,Tetragastris panamensis,Burseraceae,37,20140425
T14,70,abiurana,Pouteria gongrijpii,Sapotaceae,41.4,20140425
T14,76,tauari,Couratari stellata,Lecythidaceae,56,20140425
T14,77,matamata branco,Eschweilera coriacea,Lecythidaceae,42.1,20140425
T14,78,abiurana,Pouteria gongrijpii,Sapotaceae,41,20140425
T14,79,morta,NA,NA,52.1,20140425
T14,81,abiurana,Pouteria gongrijpii,Sapotaceae,42,20140425
T14,82,abiurana,Pouteria gongrijpii,Sapotaceae,71.8,20140425
T14,83,goiabao,Pradosia cochlearia,Sapotaceae,59.2,20140425
T14,87,tanibuca,Terminalia amazonia,Combretaceae,50,20140425
T14,88,abiurana,Pouteria gongrijpii,Sapotaceae,41.1,20140425
T14,89,cajuacu,Anacardium spruceanum,Anacardiaceae,67.7,20140425
T14,90,jarana,Lecythis lurida,Lecythidaceae,50.4,20140425
T14,91,abiurana,Pouteria gongrijpii,Sapotaceae,59,20140425
T14,96,abiurana,Pouteria gongrijpii,Sapotaceae,40.4,20140425
T14,97,fava orelha-de-macaco,Enterolobium schomburgkii,Fabaceae,80.9,20140425
T14,98,coracao-de-negro,Swartzia corrugata,Fabaceae,36,20140425
T14,100,abiurana,Pouteria gongrijpii,Sapotaceae,36,20140425
T14,101,tauari,Couratari stellata,Lecythidaceae,57.5,20140425
T14,103,guajara-bolacha,Pouteria oppositifolia,Sapotaceae,65.4,20140425
T14,104,abiurana,Pouteria gongrijpii,Sapotaceae,39.5,20140425
T14,105,seringarana,Micrandra minor,Euphorbiaceae,44.1,20140425
T14,107,tachirana,Stryphnodendron paniculatum,Fabaceae,48.2,20140425
T14,113,guajara-bolacha,Pouteria oppositifolia,Sapotaceae,50.5,20140425
T14,114,jutai-pororoca,Dialium guianense,Fabaceae,40.3,20140425
T14,115,abiurana branca,Pouteria guianensis,Sapotaceae,43.5,20140425
T14,117,jarana,Lecythis lurida,Lecythidaceae,54.3,20140425
T14,118,matamata branco,Eschweilera coriacea,Lecythidaceae,41.4,20140425
T14,119,sucupira preta,Bowdichia nitida,Fabaceae,66,20140425
T14,120,morta,NA,NA,48.2,20140425
T15,2,abiurana branca,Pouteria guianensis,Sapotaceae,39,20140425
T15,7,axixa,Sterculia pruriens,Malvaceae,36.7,20140425
T15,11,casca seca,Licania canescens,Chrysobalanaceae,52.8,20140425
T15,12,morta,NA,NA,50,20140425
T15,18,abiurana,Pouteria gongrijpii,Sapotaceae,60,20140425
T15,24,guajara-bolacha,Pouteria oppositifolia,Sapotaceae,40.9,20140425
T15,26,freijo branco,Cordia scabrifolia,Boraginaceae,43.5,20140425
T15,29,caramuxi,Pouteria hispida,Sapotaceae,43.5,20140425
T15,31,matamata,Eschweilera parviflora,Lecythidaceae,60.5,20140425
T15,32,caramuxi,Pouteria hispida,Sapotaceae,39.6,20140425
T15,34,matamata branco,Eschweilera coriacea,Lecythidaceae,45.6,20140425
T15,38,muirapiranga,Brosimum rubescens,Moraceae,60.5,20140425
T15,39,louro preto,Nectandra cuspidata,Lauraceae,45.7,20140425
T15,41,abiurana,Pouteria gongrijpii,Sapotaceae,58,20140425
T15,42,matamata branco,Eschweilera coriacea,Lecythidaceae,39.5,20140425
T15,44,tachi branco,Tachigali paniculata,Fabaceae,55,20140425
T15,45,caramuxi,Pouteria hispida,Sapotaceae,42,20140425
T15,47,matamata branco,Eschweilera coriacea,Lecythidaceae,38.6,20140425
T15,49,breu vermelho,Protium hebetatum,Burseraceae,49.5,20140425
T15,50,inga vermelho,Inga alba,Fabaceae,35.1,20140425
T15,51,goiabao,Pradosia cochlearia,Sapotaceae,50,20140425
T15,53,matamata branco,Eschweilera coriacea,Lecythidaceae,44.2,20140425
T15,54,morta,NA,NA,86.1,20140425
T15,55,breu vermelho,Protium hebetatum,Burseraceae,52.3,20140425
T15,56,morta,NA,NA,70,20140425
T15,57,tachi preto,Tachigali myrmecophila,Fabaceae,54.7,20140425
T15,58,matamata branco,Eschweilera coriacea,Lecythidaceae,58.9,20140425
T15,59,abiurana,Pouteria gongrijpii,Sapotaceae,50.1,20140425
T15,61,morta,NA,NA,99.6,20140425
T15,66,caramuxi,Pouteria hispida,Sapotaceae,40,20140425
T15,67,castanha-sapucaia,Lecythis pisonis,Lecythidaceae,83.5,20140425
T15,68,tauari,Couratari stellata,Lecythidaceae,45.1,20140425
T15,70,matamata branco,Eschweilera coriacea,Lecythidaceae,51.5,20140425
T15,71,ucuuba,Virola michelii,Myristicaceae,49.5,20140425
T15,72,louro-abacate,Ocotea glomerata,Lauraceae,83.7,20140425
T15,73,abiurana branca,Pouteria guianensis,Sapotaceae,40.3,20140425
T15,74,matamata branco,Eschweilera coriacea,Lecythidaceae,44,20140425
T15,75,morta,NA,NA,47.6,20140425
T15,77,jatereu,Lecythis idatimon,Lecythidaceae,37,20140425
T15,78,jatereu,Lecythis idatimon,Lecythidaceae,36,20140425
T15,79,morta,NA,NA,39.2,20140425
T15,83,timborana,Pseudopiptadenia suaveolens,Fabaceae,46.5,20140425
T15,84,abiurana,Pouteria gongrijpii,Sapotaceae,43.3,20140425
T15,86,goiabao,Pradosia cochlearia,Sapotaceae,46.6,20140425
T15,87,abiurana,Pouteria gongrijpii,Sapotaceae,50,20140425
T15,88,abiurana branca,Pouteria guianensis,Sapotaceae,45.5,20140425
T15,89,ucurana,Sloanea guianensis,Elaeocarpaceae,40,20140425
T15,91,abiurana,Pouteria gongrijpii,Sapotaceae,50,20140425
T15,92,parajuba,Manilkara bidentata,Sapotaceae,73.5,20140425
T15,93,caramuxi,Pouteria hispida,Sapotaceae,45.5,20140425
T15,95,goiabao,Pradosia cochlearia,Sapotaceae,60,20140425
T15,96,muirapiranga,Brosimum rubescens,Moraceae,38.8,20140425
T15,97,breu barrote,Tetragastris panamensis,Burseraceae,55,20140425
T15,98,matamata branco,Eschweilera coriacea,Lecythidaceae,51.4,20140425
T15,100,jatereu,Lecythis idatimon,Lecythidaceae,38.5,20140425
T15,103,parajuba,Manilkara bidentata,Sapotaceae,68,20140425
T15,104,matamata branco,Eschweilera coriacea,Lecythidaceae,37.2,20140425
T15,109,maracatiara,Astronium graveolens,Anacardiaceae,52.5,20140425
T15,111,abiurana,Pouteria gongrijpii,Sapotaceae,43,20140425
T15,113,parajuba,Manilkara bidentata,Sapotaceae,53.5,20140425
T15,116,iperana,Eperua bijuga,Fabaceae,43.2,20140425
T15,117,piquiarana,Caryocar glabrum,Caryocaraceae,80,20140425
T15,118,tatapiririca,Tapirira guianensis,Anacardiaceae,56.2,20140425
T15,120,casca seca,Licania canescens,Chrysobalanaceae,40,20140425
T15,121,breu barrote,Tetragastris panamensis,Burseraceae,59,20140425
T16,8,anani,Symphonia globulifera,Clusiaceae,59.7,20140220
T16,10,uxirana,Sacoglottis guianensis,Humiriaceae,49.2,20140220
T16,11,guajara-bolacha,Pouteria oppositifolia,Sapotaceae,52,20140220
T16,12,matamata branco,Eschweilera coriacea,Lecythidaceae,36.5,20140220
T16,13,breu barrote,Tetragastris panamensis,Burseraceae,43.2,20140220
T16,14,mato,NA,NA,61,20140220
T16,15,inga branco,Inga thibaudiana,Fabaceae,41.6,20140220
T16,17,jatereu,Lecythis idatimon,Lecythidaceae,39.8,20140220
T16,20,tatajuba,Bagassa guianensis,Moraceae,94.9,20140220
T16,21,breu barrote,Tetragastris panamensis,Burseraceae,46.8,20140220
T16,22,ucurana,Sloanea guianensis,Elaeocarpaceae,52.3,20140220
T16,23,ucuuba,Virola michelii,Myristicaceae,53.9,20140220
T16,24,louro preto,Nectandra cuspidata,Lauraceae,37.8,20140220
T16,26,mato,NA,NA,43.9,20140220
T16,27,guajara-bolacha,Pouteria oppositifolia,Sapotaceae,47.8,20140220
T16,29,macaranduba,Manilkara huberi,Sapotaceae,43.5,20140220
T16,33,morta,NA,NA,40,20140220
T16,36,piquiarana,Caryocar glabrum,Caryocaraceae,41.9,20140220
T16,38,guajara-bolacha,Pouteria oppositifolia,Sapotaceae,35.1,20140220
T16,40,breu barrote,Tetragastris panamensis,Burseraceae,51,20140220
T16,41,tatajuba,Bagassa guianensis,Moraceae,72.3,20140220
T16,42,mandioqueira,Qualea paraensis,Vochysiaceae,97.6,20140220
T16,43,guajara cinza,Pouteria sp.,Sapotaceae,43,20140220
T16,44,jatoba,Hymenaea courbaril,Fabaceae,78.7,20140220
T16,45,axixa,Sterculia pruriens,Malvaceae,41.3,20140220
T16,46,matamata branco,Eschweilera coriacea,Lecythidaceae,40,20140220
T16,47,matamata branco,Eschweilera coriacea,Lecythidaceae,39.5,20140220
T16,48,matamata branco,Eschweilera coriacea,Lecythidaceae,41,20140220
T16,50,goiabao,Pradosia cochlearia,Sapotaceae,74.7,20140220
T16,51,matamata branco,Eschweilera coriacea,Lecythidaceae,52,20140220
T16,52,matamata preto,Eschweilera ovata,Lecythidaceae,46.9,20140220
T16,54,matamata branco,Eschweilera coriacea,Lecythidaceae,43.4,20140220
T16,56,matamata preto,Eschweilera ovata,Lecythidaceae,36.2,20140220
T16,58,matamata branco,Eschweilera coriacea,Lecythidaceae,35.5,20140220
T16,59,abiurana branca,Pouteria guianensis,Sapotaceae,48.3,20140220
T16,60,morta,NA,NA,55,20140220
T16,61,axixa,Sterculia pruriens,Malvaceae,58.7,20140220
T16,62,envira-cana,Xylopia nitida,Annonaceae,43.8,20140220
T16,63,breu barrote,Tetragastris panamensis,Burseraceae,51,20140220
T16,64,guajara,Pouteria sp.,Sapotaceae,50.2,20140220
T16,65,axixa,Sterculia pruriens,Malvaceae,66.9,20140220
T16,69,pau santo,Zollernia paraensis,Fabaceae,39.9,20140220
T16,70,morta,NA,NA,69,20140220
T16,71,breu barrote,Tetragastris panamensis,Burseraceae,60.4,20140220
T16,74,tento,Ormosia coccinea,Fabaceae,68.9,20140220
T16,75,louro-pimenta,Ocotea canaliculata,Lauraceae,48.3,20140220
T16,77,goiabao,Pradosia cochlearia,Sapotaceae,36.6,20140220
T16,79,abiurana,Pouteria gongrijpii,Sapotaceae,37.9,20140220
T16,80,morta,NA,NA,40,20140220
T16,81,matamata branco,Eschweilera coriacea,Lecythidaceae,38.9,20140220
T16,82,cucutitiriba,Pouteria sp.,Sapotaceae,37.1,20140220
T16,83,morta,NA,NA,68.3,20140220
T16,85,abiurana branca,Pouteria guianensis,Sapotaceae,55.1,20140220
T16,88,freijo cinza,Cordia goeldiana,Boraginaceae,49.5,20140220
T16,91,matamata branco,Eschweilera coriacea,Lecythidaceae,46.5,20140220
T16,94,fava-atana,Parkia gigantocarpa,Fabaceae,41,20140220
T16,99,ingarana,Inga sp.,Fabaceae,46.8,20140220
T16,102,goiabao,Pradosia cochlearia,Sapotaceae,46.7,20140220
T16,105,macaranduba,Manilkara huberi,Sapotaceae,57.7,20140220
T16,108,breu barrote,Tetragastris panamensis,Burseraceae,57,20140220
T16,109,ucuuba,Virola michelii,Myristicaceae,43,20140220
T16,111,matamata branco,Eschweilera coriacea,Lecythidaceae,40.4,20140220
T16,113,timborana,Pseudopiptadenia suaveolens,Fabaceae,71,20140220
T16,121,matamata preto,Eschweilera ovata,Lecythidaceae,40.8,20140220
T17,7,piquia,Caryocar villosum,Caryocaraceae,35.8,20140221
T17,9,tauari,Couratari stellata,Lecythidaceae,35.4,20140221
T17,10,guajara-bolacha,Pouteria oppositifolia,Sapotaceae,38.8,20140221
T17,12,abiu cutite,NA,NA,44.8,20140221
T17,13,piquia,Caryocar villosum,Caryocaraceae,185,20140221
T17,14,matamata branco,Eschweilera coriacea,Lecythidaceae,46,20140221
T17,18,seringueira,Hevea brasiliensis,Euphorbiaceae,42.5,20140221
T17,19,inga branco,Inga thibaudiana,Fabaceae,38.7,20140221
T17,21,ucuuba,Virola michelii,Myristicaceae,40,20140221
T17,25,abiurana,Pouteria gongrijpii,Sapotaceae,39.2,20140221
T17,26,carapanauba,Aspidosperma excelsum,Apocynaceae,124.8,20140221
T17,27,morta,NA,NA,49.7,20140221
T17,28,jarana,Lecythis lurida,Lecythidaceae,56,20140221
T17,33,mapatirana,Pourouma villosa,Urticaceae,49.1,20140221
T17,34,goiabao,Pradosia cochlearia,Sapotaceae,47.7,20140221
T17,35,jarana,Lecythis lurida,Lecythidaceae,39.5,20140221
T17,37,pau-jacare,Laetia procera,Salicaceae,42.5,20140221
T17,38,maria preta,Ziziphus sp.,Rhamnaceae,42.3,20140221
T17,42,inga branco,Inga thibaudiana,Fabaceae,46.5,20140221
T17,46,macaranduba,Manilkara huberi,Sapotaceae,43.8,20140221
T17,50,pau-jacare,Laetia procera,Salicaceae,55.3,20140221
T17,51,envira preta,Guatteria schomburgkiana,Annonaceae,45.5,20140221
T17,56,timborana,Pseudopiptadenia suaveolens,Fabaceae,41,20140221
T17,58,araracanga,Aspidosperma spruceanum,Apocynaceae,48.7,20140221
T17,62,guajara-bolacha,Pouteria oppositifolia,Sapotaceae,70.9,20140221
T17,63,matamata preto,Eschweilera ovata,Lecythidaceae,36.3,20140221
T17,65,guajara branco,Pouteria sp.,Sapotaceae,46,20140221
T17,69,mututi,Pterocarpus sp.,Fabaceae,51,20140221
T17,76,carapanauba,Aspidosperma excelsum,Apocynaceae,64.3,20140221
T17,79,mapatirana,Pourouma minor,Urticaceae,45.6,20140221
T17,80,inga branco,Inga thibaudiana,Fabaceae,37.5,20140221
T17,81,freijo cinza,Cordia goeldiana,Boraginaceae,46.5,20140221
T17,82,guajara-bolacha,Pouteria oppositifolia,Sapotaceae,55.2,20140221
T17,84,seringueira,Hevea brasiliensis,Euphorbiaceae,36.8,20140221
T17,87,abiu rosadinho,Pouteria reticulata,Sapotaceae,38.7,20140221
T17,90,tatapiririca,Tapirira guianensis,Anacardiaceae,40,20140221
T17,92,tachi vermelho,Tachigali paniculata,Fabaceae,72,20140221
T17,95,guajara-bolacha,Pouteria oppositifolia,Sapotaceae,45.2,20140221
T17,96,jarana,Lecythis lurida,Lecythidaceae,90.3,20140221
T17,99,jatereu,Lecythis idatimon,Lecythidaceae,37.7,20140221
T18,5,copaiba,Copaifera reticulata,Fabaceae,54.7,20140221
T18,9,parajuba,Manilkara bidentata,Sapotaceae,53.6,20140221
T18,10,envira-cunauaru,Annona ambotay,Annonaceae,40.1,20140221
T18,11,inhare,Helicostylis sp.,Moraceae,57.8,20140221
T18,15,matamata-jiboia,Eschweilera sp.,Lecythidaceae,38.4,20140221
T18,16,inga vermelho,Inga alba,Fabaceae,40.2,20140221
T18,17,parapara,Jacaranda copaia,Bignoniaceae,41.8,20140221
T18,20,tachi preto,Tachigali myrmecophila,Fabaceae,50.4,20140221
T18,21,seringueira,Hevea brasiliensis,Euphorbiaceae,35.6,20140221
T18,22,morototo,Schefflera morototoni,Araliaceae,36.7,20140221
T18,26,mato,NA,NA,35.2,20140221
T18,27,mapatirana,Pourouma villosa,Urticaceae,41.6,20140221
T18,28,tachi branco,Tachigali paniculata,Fabaceae,52.8,20140221
T18,29,matamata branco,Eschweilera coriacea,Lecythidaceae,50.4,20140221
T18,30,embauba branca,Cecropia palmata,Urticaceae,41.5,20140221
T18,31,mapatirana,Pourouma minor,Urticaceae,42.5,20140221
T18,33,copaiba,Copaifera reticulata,Fabaceae,74.5,20140221
T18,37,macaranduba,Manilkara huberi,Sapotaceae,90.2,20140221
T18,39,seringueira,Hevea brasiliensis,Euphorbiaceae,60.8,20140221
T18,41,matamata branco,Eschweilera coriacea,Lecythidaceae,43.8,20140221
T18,42,jarana,Lecythis lurida,Lecythidaceae,55.4,20140221
T18,43,abiurana,Pouteria gongrijpii,Sapotaceae,39.7,20140221
T18,44,caramuxi,Pouteria hispida,Sapotaceae,40,20140221
T18,45,embauba branca,Cecropia palmata,Urticaceae,40.5,20140221
T18,47,breu barrote,Tetragastris panamensis,Burseraceae,60,20140221
T18,53,axixa,Sterculia pruriens,Malvaceae,41.9,20140221
T18,54,roxinho,Peltogyne lecointei,Fabaceae,55,20140221
T18,56,breu vermelho,Protium hebetatum,Burseraceae,44.9,20140221
T18,58,parajuba,Manilkara bidentata,Sapotaceae,76.5,20140221
T18,59,embauba branca,Cecropia palmata,Urticaceae,39,20140221
T18,62,breu barrote,Tetragastris panamensis,Burseraceae,73.3,20140221
T18,63,matamata branco,Eschweilera coriacea,Lecythidaceae,54.6,20140221
T18,65,abiu cramuri,NA,NA,59,20140221
T18,66,caferana,Quiina florida,Ochnaceae,36,20140221
T18,68,breu barrote,Tetragastris panamensis,Burseraceae,60,20140221
T18,69,matamata branco,Eschweilera coriacea,Lecythidaceae,70,20140221
T18,70,tachi preto,Tachigali myrmecophila,Fabaceae,39.4,20140221
T18,71,abiu canelado,Micropholis crassipedicellata,Sapotaceae,62.5,20140221
T18,77,abiurana,Pouteria gongrijpii,Sapotaceae,63.1,20140221
T18,78,tachirana,Stryphnodendron paniculatum,Fabaceae,38.9,20140221
T18,79,matamata branco,Eschweilera coriacea,Lecythidaceae,50.3,20140221
T18,81,tachirana,Stryphnodendron paniculatum,Fabaceae,72,20140221
T18,83,abiurana,Pouteria gongrijpii,Sapotaceae,36.7,20140221
T18,84,pau-jacare,Laetia procera,Salicaceae,50.5,20140221
T18,86,matamata branco,Eschweilera coriacea,Lecythidaceae,37.5,20140221
T18,88,freijo branco,Cordia scabrifolia,Boraginaceae,36.3,20140221
T18,92,freijo branco,Cordia scabrifolia,Boraginaceae,40.5,20140221
T18,96,tachi branco,Tachigali paniculata,Fabaceae,79,20140221
T18,97,goiabao,Pradosia cochlearia,Sapotaceae,41.6,20140221
T18,107,matamata branco,Eschweilera coriacea,Lecythidaceae,38.9,20140221
T18,109,matamata branco,Eschweilera coriacea,Lecythidaceae,38.8,20140221
T18,110,tauari,Couratari stellata,Lecythidaceae,68,20140221
T18,112,louro preto,Ocotea cernua,Lauraceae,50.5,20140221
T18,113,matamata branco,Eschweilera coriacea,Lecythidaceae,44.2,20140221
T18,115,matamata branco,Eschweilera coriacea,Lecythidaceae,39.2,20140221
T18,121,abiurana,Pouteria gongrijpii,Sapotaceae,40.6,20140221
T19,1,macaranduba,Manilkara huberi,Sapotaceae,69.7,20140319
T19,3,fava-saboeiro,Abarema jupunba,Fabaceae,57,20140319
T19,6,breu barrote,Tetragastris panamensis,Burseraceae,38,20140319
T19,8,macucu,Licania guianensis,Chrysobalanaceae,52.3,20140319
T19,10,macaranduba,Manilkara huberi,Sapotaceae,53,20140319
T19,14,breu vermelho,Protium hebetatum,Burseraceae,47.2,20140319
T19,15,tachi preto,Tachigali myrmecophila,Fabaceae,38.9,20140319
T19,20,morta,NA,NA,54,20140319
T19,24,tachi branco,Tachigali paniculata,Fabaceae,48.9,20140319
T19,27,abiurana branca,Pouteria guianensis,Sapotaceae,44.1,20140319
T19,29,breu barrote,Tetragastris panamensis,Burseraceae,55.6,20140319
T19,32,uxi,Endopleura uchi,Humiriaceae,62.2,20140319
T19,34,roxinho,Peltogyne lecointei,Fabaceae,47,20140319
T19,36,abiurana,Pouteria gongrijpii,Sapotaceae,37,20140319
T19,37,maria preta,Ziziphus sp.,Rhamnaceae,49.7,20140319
T19,39,morta,NA,NA,111,20140319
T19,40,abiurana,Pouteria gongrijpii,Sapotaceae,49.8,20140319
T19,41,breu barrote,Tetragastris panamensis,Burseraceae,47,20140319
T19,47,morta,NA,NA,110,20140319
T19,49,caramuxi,Pouteria hispida,Sapotaceae,56.9,20140319
T19,50,abiurana,Pouteria gongrijpii,Sapotaceae,39.7,20140319
T19,51,guajara cinza,Pouteria sp.,Sapotaceae,45.1,20140319
T19,54,parajuba,Manilkara bidentata,Sapotaceae,48.8,20140319
T19,56,breu barrote,Tetragastris panamensis,Burseraceae,56.1,20140319
T19,57,seringarana,Micrandra minor,Euphorbiaceae,68.7,20140319
T19,58,breu barrote,Tetragastris panamensis,Burseraceae,38,20140319
T19,59,louro-abacate,Ocotea glomerata,Lauraceae,36.2,20140319
T19,60,parapara,Jacaranda copaia,Bignoniaceae,47.7,20140319
T19,61,parajuba,Manilkara bidentata,Sapotaceae,47.2,20140319
T19,67,goiabao,Pradosia cochlearia,Sapotaceae,36.9,20140319
T19,68,morta,NA,NA,40.5,20140319
T19,69,freijo branco,Cordia scabrifolia,Boraginaceae,41.7,20140319
T19,74,uxi,Endopleura uchi,Humiriaceae,57,20140319
T19,76,abiurana,Pouteria gongrijpii,Sapotaceae,35.2,20140319
T19,77,breu barrote,Tetragastris panamensis,Burseraceae,50,20140319
T19,78,abiurana branca,Pouteria guianensis,Sapotaceae,48.2,20140319
T19,81,fava-paricana,Dimorphandra macrostachya,Fabaceae,57,20140319
T19,85,breu barrote,Tetragastris panamensis,Burseraceae,54.4,20140319
T19,87,macaranduba,Manilkara huberi,Sapotaceae,47.7,20140319
T19,90,caramuxi,Pouteria hispida,Sapotaceae,37.7,20140319
T19,92,breu barrote,Tetragastris panamensis,Burseraceae,41,20140319
T19,93,breu barrote,Tetragastris panamensis,Burseraceae,41.1,20140319
T19,96,tachi preto,Tachigali myrmecophila,Fabaceae,59.8,20140319
T19,99,pau-jacare,Laetia procera,Salicaceae,38,20140319
T19,100,abiurana,Pouteria gongrijpii,Sapotaceae,73,20140319
T19,101,uxi,Endopleura uchi,Humiriaceae,39.6,20140319
T19,106,macaranduba,Manilkara huberi,Sapotaceae,95.6,20140319
T19,107,ripeira,Eschweilera micrantha,Lecythidaceae,46.9,20140319
T19,108,matamata preto,Eschweilera ovata,Lecythidaceae,44.3,20140319
T19,109,guajara,Pouteria sp.,Sapotaceae,51,20140319
T19,114,envira preta,Guatteria schomburgkiana,Annonaceae,41.9,20140319
T19,115,uxirana,Sacoglottis guianensis,Humiriaceae,35.8,20140319
T20,3,caramuxi,Pouteria hispida,Sapotaceae,49.2,20140227
T20,5,breu barrote,Tetragastris panamensis,Burseraceae,43,20140227
T20,8,matamata branco,Eschweilera coriacea,Lecythidaceae,46.6,20140227
T20,13,abiu cutite,NA,NA,37,20140227
T20,15,timborana,Pseudopiptadenia suaveolens,Fabaceae,42.8,20140227
T20,20,abiurana branca,Pouteria guianensis,Sapotaceae,81,20140227
T20,22,uxirana,Sacoglottis guianensis,Humiriaceae,38.1,20140227
T20,23,tachi preto,Tachigali myrmecophila,Fabaceae,81,20140227
T20,24,piquiarana,Caryocar glabrum,Caryocaraceae,42,20140227
T20,28,joao-mole,Neea oppositifolia,Nyctaginaceae,78.1,20140227
T20,29,fava-saboeiro,Abarema cochleata,Fabaceae,47.5,20140227
T20,31,jatereu,Lecythis idatimon,Lecythidaceae,36.2,20140227
T20,33,angelim vermelho,Dinizia excelsa,Fabaceae,141,20140227
T20,34,breu vermelho,Protium hebetatum,Burseraceae,61,20140227
T20,36,parajuba,Manilkara bidentata,Sapotaceae,49.6,20140227
T20,37,morta,NA,NA,60.3,20140227
T20,38,uxirana,Sacoglottis guianensis,Humiriaceae,37.5,20140227
T20,42,morta,NA,NA,37.8,20140227
T20,43,jatereu,Lecythis idatimon,Lecythidaceae,39.6,20140227
T20,44,breu barrote,Tetragastris panamensis,Burseraceae,43.8,20140227
T20,45,guajara cinza,Pouteria sp.,Sapotaceae,42.2,20140227
T20,47,abiurana branca,Pouteria guianensis,Sapotaceae,36.7,20140227
T20,48,piquiarana,Caryocar glabrum,Caryocaraceae,120.9,20140227
T20,49,breu vermelho,Protium hebetatum,Burseraceae,57.8,20140227
T20,50,matamata preto,Eschweilera ovata,Lecythidaceae,54.2,20140227
T20,53,ipe roxo,Handroanthus impetiginosus,Bignoniaceae,80.5,20140227
T20,54,andirobarana,Guarea guidonia,Meliaceae,42.9,20140227
T20,56,caramuxi,Pouteria hispida,Sapotaceae,55.8,20140227
T20,58,caramuxi,Pouteria hispida,Sapotaceae,36.8,20140227
T20,59,matamata branco,Eschweilera coriacea,Lecythidaceae,50.1,20140227
T20,62,guajara-bolacha,Pouteria oppositifolia,Sapotaceae,72,20140227
T20,64,guajara cinza,Pouteria sp.,Sapotaceae,89.3,20140227
T20,65,caramuxi,Pouteria hispida,Sapotaceae,65.7,20140227
T20,66,goiabao,Pradosia cochlearia,Sapotaceae,46.3,20140227
T20,67,jarana,Lecythis lurida,Lecythidaceae,54.9,20140227
T20,71,guajara branco,Pouteria sp.,Sapotaceae,37.3,20140227
T20,72,goiabao,Pradosia cochlearia,Sapotaceae,43.2,20140227
T20,73,axixa,Sterculia pruriens,Malvaceae,44.2,20140227
T20,75,matamata branco,Eschweilera coriacea,Lecythidaceae,47.9,20140227
T20,76,breu barrote,Tetragastris panamensis,Burseraceae,40.3,20140227
T20,77,caramuxi,Pouteria hispida,Sapotaceae,36,20140227
T20,78,jatereu,Lecythis idatimon,Lecythidaceae,37.7,20140227
T20,79,inhare,Helicostylis sp.,Moraceae,45.1,20140227
T20,80,matamata branco,Eschweilera coriacea,Lecythidaceae,38.9,20140227
T20,87,abiurana branca,Pouteria guianensis,Sapotaceae,40.9,20140227
T20,89,embauba branca,Cecropia palmata,Urticaceae,41,20140227
T20,90,embauba branca,Cecropia palmata,Urticaceae,37.7,20140227
T20,93,parajuba,Manilkara bidentata,Sapotaceae,49.7,20140227
T20,95,louro preto,Nectandra cuspidata,Lauraceae,36,20140227
T20,96,morta,NA,NA,39.6,20140227
T21,2,matamata preto,Eschweilera ovata,Lecythidaceae,68.7,20140324
T21,3,abiurana,Pouteria gongrijpii,Sapotaceae,44,20140324
T21,4,jatereu,Lecythis idatimon,Lecythidaceae,39,20140324
T21,5,matamata preto,Eschweilera ovata,Lecythidaceae,58,20140324
T21,6,cajuacu,Anacardium spruceanum,Anacardiaceae,85,20140324
T21,7,caramuxi,Pouteria hispida,Sapotaceae,43.5,20140324
T21,8,abiurana,Pouteria gongrijpii,Sapotaceae,70.3,20140324
T21,10,abiurana,Pouteria gongrijpii,Sapotaceae,72.3,20140324
T21,12,abiurana branca,Pouteria guianensis,Sapotaceae,47,20140324
T21,13,breu vermelho,Protium hebetatum,Burseraceae,41,20140324
T21,14,matamata branco,Eschweilera coriacea,Lecythidaceae,37,20140324
T21,15,abiurana branca,Pouteria guianensis,Sapotaceae,54.8,20140324
T21,16,jatereu,Lecythis idatimon,Lecythidaceae,43,20140324
T21,19,iperana,Eperua bijuga,Fabaceae,37.3,20140324
T21,20,iperana,Eperua bijuga,Fabaceae,37.4,20140324
T21,25,abiurana branca,Pouteria guianensis,Sapotaceae,42.7,20140324
T21,29,breu vermelho,Protium hebetatum,Burseraceae,47.7,20140324
T21,30,iperana,Eperua bijuga,Fabaceae,41.9,20140324
T21,32,louro-abacate,Ocotea glomerata,Lauraceae,48.1,20140324
T21,33,matamata preto,Eschweilera ovata,Lecythidaceae,60.9,20140324
T21,38,macaranduba,Manilkara huberi,Sapotaceae,112.3,20140324
T21,39,seringueira,Hevea brasiliensis,Euphorbiaceae,85.9,20140324
T21,41,iperana,Eperua bijuga,Fabaceae,37.2,20140324
T21,43,roxinho,Peltogyne lecointei,Fabaceae,74,20140324
T21,44,seringarana,Micrandra minor,Euphorbiaceae,42.5,20140324
T21,45,matamata branco,Eschweilera coriacea,Lecythidaceae,42,20140324
T21,46,uxirana,Sacoglottis guianensis,Humiriaceae,53.8,20140324
T21,49,mapatirana,Pourouma villosa,Urticaceae,45.9,20140324
T21,50,breu barrote,Tetragastris panamensis,Burseraceae,58.4,20140324
T21,51,uxi,Endopleura uchi,Humiriaceae,40,20140324
T21,52,caramuxi,Pouteria hispida,Sapotaceae,40.8,20140324
T21,53,matamata preto,Eschweilera ovata,Lecythidaceae,38.5,20140324
T21,54,freijo branco,Cordia scabrifolia,Boraginaceae,52.2,20140324
T21,55,uxi,Endopleura uchi,Humiriaceae,51.2,20140324
T21,56,abiu cutite,NA,NA,45.3,20140324
T21,58,carapanauba,Aspidosperma excelsum,Apocynaceae,51.5,20140324
T21,60,mapatirana,Pourouma villosa,Urticaceae,65,20140324
T21,61,inga,Inga marginata,Fabaceae,36.7,20140324
T21,62,guajara-bolacha,Pouteria oppositifolia,Sapotaceae,55.5,20140324
T21,63,ucuuba,Virola michelii,Myristicaceae,49.1,20140324
T21,66,matamata branco,Eschweilera coriacea,Lecythidaceae,41,20140324
T21,67,parajuba,Manilkara bidentata,Sapotaceae,79.1,20140324
T21,69,guajara cinza,Pouteria sp.,Sapotaceae,72.3,20140324
T21,72,iperana,Eperua bijuga,Fabaceae,37.5,20140324
T21,73,iperana,Eperua bijuga,Fabaceae,46.2,20140324
T21,74,macucu,Licania guianensis,Chrysobalanaceae,63.4,20140324
T21,76,breu barrote,Tetragastris panamensis,Burseraceae,55,20140324
T21,79,matamata branco,Eschweilera coriacea,Lecythidaceae,57,20140324
T21,81,breu barrote,Tetragastris panamensis,Burseraceae,52.8,20140324
T21,82,tauari,Couratari stellata,Lecythidaceae,43,20140324
T21,84,araracanga,Aspidosperma spruceanum,Apocynaceae,38.8,20140324
T21,85,macaranduba,Manilkara huberi,Sapotaceae,87,20140324
T21,87,iperana,Eperua bijuga,Fabaceae,38.6,20140324
T21,88,matamata branco,Eschweilera coriacea,Lecythidaceae,50.4,20140324
T21,90,mapatirana,Pourouma minor,Urticaceae,42.6,20140324
T21,91,inga-xixica,Inga heterophylla,Fabaceae,38.3,20140324
T21,94,matamata branco,Eschweilera coriacea,Lecythidaceae,44.4,20140324
T21,97,caramuxi,Pouteria hispida,Sapotaceae,40.5,20140324
T21,98,seringarana,Micrandra minor,Euphorbiaceae,45.9,20140324
T21,102,breu barrote,Tetragastris panamensis,Burseraceae,36.8,20140324
T21,103,iperana,Eperua bijuga,Fabaceae,63.5,20140324
T21,104,jutai-pororoca,Dialium guianense,Fabaceae,45.5,20140324
T21,105,mato,NA,NA,36.3,20140324
T22,2,tachi preto,Tachigali myrmecophila,Fabaceae,59,20140320
T22,3,tachi preto,Tachigali myrmecophila,Fabaceae,53.2,20140320
T22,5,uxi,Endopleura uchi,Humiriaceae,43.6,20140320
T22,8,caramuxi,Pouteria hispida,Sapotaceae,36.3,20140320
T22,9,matamata branco,Eschweilera coriacea,Lecythidaceae,41.3,20140320
T22,11,louro,Ocotea canaliculata,Lauraceae,42.2,20140320
T22,19,tanibuca,Terminalia amazonia,Combretaceae,53.2,20140320
T22,22,breu barrote,Tetragastris panamensis,Burseraceae,45.7,20140320
T22,29,macaranduba,Manilkara huberi,Sapotaceae,80.3,20140320
T22,30,axixa,Sterculia pruriens,Malvaceae,48.8,20140320
T22,31,guajara-bolacha,Pouteria oppositifolia,Sapotaceae,51,20140320
T22,32,breu barrote,Tetragastris panamensis,Burseraceae,41.9,20140320
T22,33,taperebarana,Spondias sp.,Anacardiaceae,38.1,20140320
T22,36,itauba,Mezilaurus itauba,Lauraceae,92.5,20140320
T22,39,matamata preto,Eschweilera ovata,Lecythidaceae,81,20140320
T22,44,uxirana,Sacoglottis guianensis,Humiriaceae,58,20140320
T22,45,joao-mole,Neea oppositifolia,Nyctaginaceae,35.7,20140320
T22,48,guajara cinza,Pouteria sp.,Sapotaceae,44.9,20140320
T22,49,matamata branco,Eschweilera coriacea,Lecythidaceae,54,20140320
T22,50,iperana,Eperua bijuga,Fabaceae,39.6,20140320
T22,52,louro cunauaru,Endlicheria sp.,Lauraceae,61.1,20140320
T22,53,seringueira,Hevea brasiliensis,Euphorbiaceae,37.2,20140320
T22,55,preciosa,Aniba canelilla,Lauraceae,42.8,20140320
T22,56,angelim vermelho,Dinizia excelsa,Fabaceae,128,20140320
T22,61,jatereu,Lecythis idatimon,Lecythidaceae,42.4,20140320
T22,62,morta,NA,NA,70.5,20140320
T22,63,pintadinho,Poeppigia procera,Fabaceae,44.4,20140320
T22,64,breu barrote,Tetragastris panamensis,Burseraceae,40.2,20140320
T22,66,tachirana,Stryphnodendron paniculatum,Fabaceae,36.9,20140320
T22,67,tachi preto,Tachigali myrmecophila,Fabaceae,55.8,20140320
T22,72,breu barrote,Tetragastris panamensis,Burseraceae,47.7,20140320
T22,77,envira preta,Guatteria schomburgkiana,Annonaceae,40.1,20140320
T22,84,breu barrote,Tetragastris panamensis,Burseraceae,40.7,20140320
T22,89,angelim rajado,Zygia racemosa,Fabaceae,42.5,20140320
T22,95,anani,Symphonia globulifera,Clusiaceae,42.6,20140320
T22,97,breu barrote,Tetragastris panamensis,Burseraceae,41.5,20140320
T22,98,abiu canelado,Micropholis crassipedicellata,Sapotaceae,54.1,20140320
T22,99,abiurana branca,Pouteria guianensis,Sapotaceae,36.2,20140320
T22,100,macaranduba,Manilkara huberi,Sapotaceae,62.3,20140320
T22,101,pau-jacare,Laetia procera,Salicaceae,51,20140320
